ticket,order,time,time_msc,type,entry,magic,position_id,reason,volume,price,commission,swap,profit,fee,symbol,comment,external_id
54091071,0,2026-03-14 07:04:03,1773471843088,2,0,0,0,0,0.0,0.0,0.0,0.0,27.0,0.0,,DEP APAY BX813AA AXFSUK USD,
54250988,60641386,2026-03-16 03:48:21,1773632901938,0,0,0,60641386,3,0.01,1.1453,0.0,0.0,0.0,0.0,EURUSD,LHN_ALFA_S20R18_,753353111
54250989,60641569,2026-03-16 03:48:21,1773632901940,0,0,0,60641569,3,0.01,1.1453,0.0,0.0,0.0,0.0,EURUSD,LHN_EXPL_S15R30_,753353113
54250990,60641542,2026-03-16 03:48:21,1773632901943,0,0,0,60641542,3,0.01,1.1453,0.0,0.0,0.0,0.0,EURUSD,LHN_WINNER_S40R1,753353112
54250992,60641618,2026-03-16 03:48:22,1773632902343,0,0,0,60641618,3,0.01,1.14531,0.0,0.0,0.0,0.0,EURUSD,LHN_EXPL_S15R40_,753353122
54250993,60641601,2026-03-16 03:48:22,1773632902344,0,0,0,60641601,3,0.01,1.14531,0.0,0.0,0.0,0.0,EURUSD,LHN_EXPL_S25R30_,753353121
54250994,60641525,2026-03-16 03:48:22,1773632902348,0,0,0,60641525,3,0.01,1.14531,0.0,0.0,0.0,0.0,EURUSD,LHN_WINNER_S25R1,753353119
54250995,60641536,2026-03-16 03:48:22,1773632902348,0,0,0,60641536,3,0.01,1.14531,0.0,0.0,0.0,0.0,EURUSD,LHN_WINNER_S30R1,753353120
54251013,60641398,2026-03-16 03:48:26,1773632906947,0,0,0,60641398,3,0.01,1.14532,0.0,0.0,0.0,0.0,EURUSD,LHN_ALFA_S15R20_,753353175
54251014,60641513,2026-03-16 03:48:26,1773632906948,0,0,0,60641513,3,0.01,1.14533,0.0,0.0,0.0,0.0,EURUSD,LHN_WINNER_S18R1,753353180
54251015,60641379,2026-03-16 03:48:26,1773632906949,0,0,0,60641379,3,0.01,1.14532,0.0,0.0,0.0,0.0,EURUSD,LHN_ALFA_S15R18_,753353174
54251016,60641472,2026-03-16 03:48:26,1773632906949,0,0,0,60641472,3,0.01,1.14534,0.0,0.0,0.0,0.0,EURUSD,LHN_WINNER_S15R1,753353179
54251017,60642261,2026-03-16 03:48:26,1773632906950,0,0,0,60642261,3,0.01,1.32608,0.0,0.0,0.0,0.0,GBPUSD,LHN_WINNER_S30R1,753353168
54251018,60641374,2026-03-16 03:48:26,1773632906950,0,0,0,60641374,3,0.01,1.14533,0.0,0.0,0.0,0.0,EURUSD,LHN_ALFA_S15R15_,753353172
54251019,60641448,2026-03-16 03:48:26,1773632906950,0,0,0,60641448,3,0.01,1.14532,0.0,0.0,0.0,0.0,EURUSD,LHN_ALFA_S20R25_,753353178
54251020,60641411,2026-03-16 03:48:26,1773632906952,0,0,0,60641411,3,0.01,1.14532,0.0,0.0,0.0,0.0,EURUSD,LHN_ALFA_S20R20_,753353176
54251021,60641623,2026-03-16 03:48:26,1773632906956,0,0,0,60641623,3,0.01,1.14533,0.0,0.0,0.0,0.0,EURUSD,LHN_EXPL_S25R40_,753353182
54251022,60641429,2026-03-16 03:48:26,1773632906956,0,0,0,60641429,3,0.01,1.14533,0.0,0.0,0.0,0.0,EURUSD,LHN_ALFA_S15R25_,753353177
54251023,60641519,2026-03-16 03:48:26,1773632906958,0,0,0,60641519,3,0.01,1.14533,0.0,0.0,0.0,0.0,EURUSD,LHN_WINNER_S20R1,753353181
54251024,60641376,2026-03-16 03:48:26,1773632906959,0,0,0,60641376,3,0.01,1.14532,0.0,0.0,0.0,0.0,EURUSD,LHN_ALFA_S20R15_,753353173
54251025,60641464,2026-03-16 03:48:27,1773632907006,0,0,0,60641464,3,0.01,1.14535,0.0,0.0,0.0,0.0,EURUSD,LHN_WINNER_S12R1,753353186
54251026,60641455,2026-03-16 03:48:27,1773632907007,0,0,0,60641455,3,0.01,1.14535,0.0,0.0,0.0,0.0,EURUSD,LHN_WINNER_S10R1,753353185
54251027,60641651,2026-03-16 03:48:27,1773632907013,0,0,0,60641651,3,0.01,1.32609,0.0,0.0,0.0,0.0,GBPUSD,LHN_EXPL_POLIMAT,753353187
54251085,60641745,2026-03-16 03:48:39,1773632919641,0,0,0,60641745,3,0.01,1.32611,0.0,0.0,0.0,0.0,GBPUSD,LHN_ALFA_S20R15_,753353333
54253105,60642506,2026-03-16 03:51:58,1773633118359,0,0,0,60642506,3,0.01,0.7019,0.0,0.0,0.0,0.0,AUDUSD,LHN_ALFA_S15R15_,753357231
54257207,60648910,2026-03-16 03:58:46,1773633526513,1,1,0,60641472,0,0.01,1.14551,0.0,0.0,0.17,0.0,EURUSD,,753365555
54257210,60648912,2026-03-16 03:58:47,1773633527638,1,1,0,60641374,0,0.01,1.14551,0.0,0.0,0.18,0.0,EURUSD,,753365574
54257424,60649131,2026-03-16 03:58:48,1773633528824,1,1,0,60641429,0,0.01,1.14548,0.0,0.0,0.15,0.0,EURUSD,,753365906
54257439,60643274,2026-03-16 03:58:49,1773633529672,1,0,0,60643274,3,0.01,1.37066,0.0,0.0,0.0,0.0,USDCAD,LHN_EXPL_S15R40_,753365931
54257440,60643318,2026-03-16 03:58:49,1773633529690,1,0,0,60643318,3,0.01,1.37066,0.0,0.0,0.0,0.0,USDCAD,LHN_EXPL_S25R40_,753365932
54257443,60649144,2026-03-16 03:58:49,1773633529787,1,1,0,60641513,0,0.01,1.14547,0.0,0.0,0.14,0.0,EURUSD,,753365936
54257455,60649156,2026-03-16 03:58:51,1773633531221,1,1,0,60641455,0,0.01,1.14547,0.0,0.0,0.12,0.0,EURUSD,,753365960
54257460,60649162,2026-03-16 03:58:54,1773633534248,1,1,0,60641464,0,0.01,1.14548,0.0,0.0,0.13,0.0,EURUSD,,753365977
54257650,60642940,2026-03-16 03:59:06,1773633546156,1,0,0,60642940,3,0.01,1.37061,0.0,0.0,0.0,0.0,USDCAD,LHN_ALFA_S15R25_,753366461
54257651,60642892,2026-03-16 03:59:06,1773633546157,1,0,0,60642892,3,0.01,1.37061,0.0,0.0,0.0,0.0,USDCAD,LHN_ALFA_S15R15_,753366455
54257652,60642926,2026-03-16 03:59:06,1773633546157,1,0,0,60642926,3,0.01,1.37061,0.0,0.0,0.0,0.0,USDCAD,LHN_ALFA_S20R18_,753366458
54257653,60642932,2026-03-16 03:59:06,1773633546157,1,0,0,60642932,3,0.01,1.37061,0.0,0.0,0.0,0.0,USDCAD,LHN_ALFA_S15R20_,753366459
54257654,60642911,2026-03-16 03:59:06,1773633546162,1,0,0,60642911,3,0.01,1.37062,0.0,0.0,0.0,0.0,USDCAD,LHN_ALFA_S15R18_,753366457
54257655,60642905,2026-03-16 03:59:06,1773633546165,1,0,0,60642905,3,0.01,1.37062,0.0,0.0,0.0,0.0,USDCAD,LHN_ALFA_S20R15_,753366456
54257656,60642936,2026-03-16 03:59:06,1773633546166,1,0,0,60642936,3,0.01,1.37061,0.0,0.0,0.0,0.0,USDCAD,LHN_ALFA_S20R20_,753366460
54257665,60649366,2026-03-16 03:59:07,1773633547996,1,1,0,60641601,0,0.01,1.1455,0.0,0.0,0.19,0.0,EURUSD,,753366519
54257711,60649420,2026-03-16 03:59:14,1773633554119,1,1,0,60641536,0,0.01,1.14548,0.0,0.0,0.17,0.0,EURUSD,,753366605
54257764,60649475,2026-03-16 03:59:19,1773633559559,1,1,0,60641618,0,0.01,1.14548,0.0,0.0,0.17,0.0,EURUSD,,753366692
54257846,60642690,2026-03-16 03:59:32,1773633572992,1,0,0,60642690,3,0.01,1.37059,0.0,0.0,0.0,0.0,USDCAD,CHAM2_ALFA_TREND,753366849
54257873,60649584,2026-03-16 03:59:38,1773633578480,1,1,0,60642261,0,0.01,1.32632,0.0,0.0,0.24,0.0,GBPUSD,,753366895
54257878,60649588,2026-03-16 03:59:40,1773633580914,1,1,0,60641651,0,0.01,1.32632,0.0,0.0,0.23,0.0,GBPUSD,,753366911
54257896,60649607,2026-03-16 03:59:49,1773633589676,1,1,0,60641569,0,0.01,1.1455,0.0,0.0,0.2,0.0,EURUSD,,753366953
54257903,60649613,2026-03-16 03:59:54,1773633594896,1,1,0,60641745,0,0.01,1.32629,0.0,0.0,0.18,0.0,GBPUSD,,753366981
54258041,60649947,2026-03-16 04:00:03,1773633603542,1,1,0,60641542,0,0.01,1.1455,0.0,0.0,0.2,0.0,EURUSD,,753367770
54258123,60650045,2026-03-16 04:00:06,1773633606398,1,1,0,60641386,0,0.01,1.14554,0.0,0.0,0.24,0.0,EURUSD,,753367975
54258220,60642557,2026-03-16 04:00:11,1773633611241,0,0,0,60642557,3,0.01,0.70195,0.0,0.0,0.0,0.0,AUDUSD,LHN_ALFA_S20R20_,753368199
54258221,60642623,2026-03-16 04:00:11,1773633611244,0,0,0,60642623,3,0.01,0.70195,0.0,0.0,0.0,0.0,AUDUSD,LHN_WINNER_S25R1,753368201
54258222,60642511,2026-03-16 04:00:11,1773633611247,0,0,0,60642511,3,0.01,0.70195,0.0,0.0,0.0,0.0,AUDUSD,LHN_ALFA_S20R15_,753368198
54258223,60642616,2026-03-16 04:00:11,1773633611249,0,0,0,60642616,3,0.01,0.70195,0.0,0.0,0.0,0.0,AUDUSD,LHN_WINNER_S20R1,753368200
54258326,60650251,2026-03-16 04:00:19,1773633619692,1,1,0,60641525,0,0.01,1.14559,0.0,0.0,0.28,0.0,EURUSD,,753368437
54258355,60650282,2026-03-16 04:00:22,1773633622832,1,1,0,60641448,0,0.01,1.14558,0.0,0.0,0.26,0.0,EURUSD,,753368503
54261559,60647283,2026-03-16 04:03:30,1773633810730,1,0,0,60647283,3,0.01,1.14515,0.0,0.0,0.0,0.0,EURUSD,CHAM_NEME_LIVE,753375052
54261560,60647301,2026-03-16 04:03:31,1773633811157,1,0,0,60647301,3,0.01,1.14513,0.0,0.0,0.0,0.0,EURUSD,HYBRID_NEME_SHIE,753375053
54261561,60647365,2026-03-16 04:03:31,1773633811159,1,0,0,60647365,3,0.01,1.14512,0.0,0.0,0.0,0.0,EURUSD,KAIDO_15R,753375054
54261626,60647406,2026-03-16 04:03:41,1773633821191,1,0,0,60647406,3,0.01,1.14508,0.0,0.0,0.0,0.0,EURUSD,KAIDO_20R,753375154
54261629,60647449,2026-03-16 04:03:41,1773633821320,1,0,0,60647449,3,0.01,1.14507,0.0,0.0,0.0,0.0,EURUSD,KAIDO_TRAILING,753375157
54261638,60647432,2026-03-16 04:03:42,1773633822261,1,0,0,60647432,3,0.01,1.14505,0.0,0.0,0.0,0.0,EURUSD,KAIDO_30R,753375171
54261998,60640470,2026-03-16 04:04:06,1773633846089,1,0,0,60640470,3,0.01,1.14497,0.0,0.0,0.0,0.0,EURUSD,KAIDO_20R,753375909
54262000,60640429,2026-03-16 04:04:06,1773633846091,1,0,0,60640429,3,0.01,1.14497,0.0,0.0,0.0,0.0,EURUSD,HYBRID_NEME_SHIE,753375907
54262001,60640453,2026-03-16 04:04:06,1773633846093,1,0,0,60640453,3,0.01,1.14497,0.0,0.0,0.0,0.0,EURUSD,KAIDO_15R,753375908
54262010,60640422,2026-03-16 04:04:06,1773633846277,1,0,0,60640422,3,0.01,1.14496,0.0,0.0,0.0,0.0,EURUSD,CHAM_NEME_LIVE,753375923
54262086,60647682,2026-03-16 04:04:12,1773633852271,1,0,0,60647682,3,0.01,0.70139,0.0,0.0,0.0,0.0,AUDUSD,KAIDO_15R,753376084
54262089,60647640,2026-03-16 04:04:12,1773633852419,1,0,0,60647640,3,0.01,0.70137,0.0,0.0,0.0,0.0,AUDUSD,CHAM_NEME_LIVE,753376090
54262090,60647783,2026-03-16 04:04:12,1773633852420,1,0,0,60647783,3,0.01,0.70137,0.0,0.0,0.0,0.0,AUDUSD,KAIDO_20R,753376092
54262091,60647665,2026-03-16 04:04:12,1773633852423,1,0,0,60647665,3,0.01,0.70137,0.0,0.0,0.0,0.0,AUDUSD,HYBRID_NEME_SHIE,753376091
54262092,60647810,2026-03-16 04:04:12,1773633852429,1,0,0,60647810,3,0.01,0.70136,0.0,0.0,0.0,0.0,AUDUSD,KAIDO_30R,753376093
54262443,60654398,2026-03-16 04:04:31,1773633871246,0,1,99999,60640422,3,0.01,1.14501,0.0,0.0,-0.05,0.0,EURUSD,Emergency Closur,753376813
54262445,60654400,2026-03-16 04:04:31,1773633871347,0,1,99999,60640429,3,0.01,1.14501,0.0,0.0,-0.04,0.0,EURUSD,Emergency Closur,753376816
54262449,60654404,2026-03-16 04:04:31,1773633871466,0,1,99999,60640453,3,0.01,1.14501,0.0,0.0,-0.04,0.0,EURUSD,Emergency Closur,753376821
54262454,60654410,2026-03-16 04:04:31,1773633871570,0,1,99999,60640470,3,0.01,1.14501,0.0,0.0,-0.04,0.0,EURUSD,Emergency Closur,753376827
54262459,60654413,2026-03-16 04:04:31,1773633871746,1,1,99999,60641376,3,0.01,1.14495,0.0,0.0,-0.37,0.0,EURUSD,Emergency Closur,753376835
54262462,60654416,2026-03-16 04:04:31,1773633871851,1,1,99999,60641379,3,0.01,1.14495,0.0,0.0,-0.37,0.0,EURUSD,Emergency Closur,753376840
54262466,60654421,2026-03-16 04:04:32,1773633872014,1,1,99999,60641398,3,0.01,1.14495,0.0,0.0,-0.37,0.0,EURUSD,Emergency Closur,753376847
54262469,60654426,2026-03-16 04:04:32,1773633872221,1,1,99999,60641411,3,0.01,1.14495,0.0,0.0,-0.37,0.0,EURUSD,Emergency Closur,753376852
54262473,60654430,2026-03-16 04:04:32,1773633872362,1,1,99999,60641519,3,0.01,1.14495,0.0,0.0,-0.38,0.0,EURUSD,Emergency Closur,753376856
54262475,60654432,2026-03-16 04:04:32,1773633872478,1,1,99999,60641623,3,0.01,1.14497,0.0,0.0,-0.36,0.0,EURUSD,Emergency Closur,753376859
54262478,60654434,2026-03-16 04:04:32,1773633872586,1,1,99999,60642506,3,0.01,0.70138,0.0,0.0,-0.52,0.0,AUDUSD,Emergency Closur,753376863
54262482,60654438,2026-03-16 04:04:32,1773633872698,1,1,99999,60642511,3,0.01,0.70138,0.0,0.0,-0.57,0.0,AUDUSD,Emergency Closur,753376871
54262484,60654440,2026-03-16 04:04:32,1773633872800,1,1,99999,60642557,3,0.01,0.70138,0.0,0.0,-0.57,0.0,AUDUSD,Emergency Closur,753376876
54262489,60654443,2026-03-16 04:04:32,1773633872906,1,1,99999,60642616,3,0.01,0.70138,0.0,0.0,-0.57,0.0,AUDUSD,Emergency Closur,753376884
54262490,60654445,2026-03-16 04:04:33,1773633873017,1,1,99999,60642623,3,0.01,0.70138,0.0,0.0,-0.57,0.0,AUDUSD,Emergency Closur,753376890
54262493,60654448,2026-03-16 04:04:33,1773633873122,0,1,99999,60642690,3,0.01,1.37089,0.0,0.0,-0.22,0.0,USDCAD,Emergency Closur,753376895
54262495,60654453,2026-03-16 04:04:33,1773633873228,0,1,99999,60642892,3,0.01,1.37089,0.0,0.0,-0.2,0.0,USDCAD,Emergency Closur,753376902
54262500,60654455,2026-03-16 04:04:33,1773633873335,0,1,99999,60642905,3,0.01,1.37089,0.0,0.0,-0.2,0.0,USDCAD,Emergency Closur,753376904
54262502,60654457,2026-03-16 04:04:33,1773633873440,0,1,99999,60642911,3,0.01,1.37089,0.0,0.0,-0.2,0.0,USDCAD,Emergency Closur,753376907
54262504,60654460,2026-03-16 04:04:33,1773633873546,0,1,99999,60642926,3,0.01,1.37089,0.0,0.0,-0.2,0.0,USDCAD,Emergency Closur,753376909
54262506,60654462,2026-03-16 04:04:33,1773633873654,0,1,99999,60642932,3,0.01,1.37089,0.0,0.0,-0.2,0.0,USDCAD,Emergency Closur,753376912
54262509,60654465,2026-03-16 04:04:33,1773633873763,0,1,99999,60642936,3,0.01,1.37089,0.0,0.0,-0.2,0.0,USDCAD,Emergency Closur,753376920
54262511,60654467,2026-03-16 04:04:33,1773633873872,0,1,99999,60642940,3,0.01,1.37089,0.0,0.0,-0.2,0.0,USDCAD,Emergency Closur,753376922
54262512,60654468,2026-03-16 04:04:33,1773633873974,0,1,99999,60643274,3,0.01,1.37089,0.0,0.0,-0.17,0.0,USDCAD,Emergency Closur,753376926
54262514,60654470,2026-03-16 04:04:34,1773633874071,0,1,99999,60643318,3,0.01,1.37089,0.0,0.0,-0.17,0.0,USDCAD,Emergency Closur,753376930
54262515,60654471,2026-03-16 04:04:34,1773633874175,0,1,99999,60647283,3,0.01,1.14501,0.0,0.0,0.14,0.0,EURUSD,Emergency Closur,753376933
54262517,60654474,2026-03-16 04:04:34,1773633874276,0,1,99999,60647301,3,0.01,1.14501,0.0,0.0,0.12,0.0,EURUSD,Emergency Closur,753376937
54262519,60654476,2026-03-16 04:04:34,1773633874383,0,1,99999,60647365,3,0.01,1.14501,0.0,0.0,0.11,0.0,EURUSD,Emergency Closur,753376942
54262520,60654478,2026-03-16 04:04:34,1773633874494,0,1,99999,60647406,3,0.01,1.14501,0.0,0.0,0.07,0.0,EURUSD,Emergency Closur,753376944
54262526,60654485,2026-03-16 04:04:34,1773633874600,0,1,99999,60647432,3,0.01,1.14501,0.0,0.0,0.04,0.0,EURUSD,Emergency Closur,753376953
54262527,60654487,2026-03-16 04:04:34,1773633874710,0,1,99999,60647449,3,0.01,1.14501,0.0,0.0,0.06,0.0,EURUSD,Emergency Closur,753376957
54262537,60654497,2026-03-16 04:04:34,1773633874837,0,1,99999,60647640,3,0.01,0.70145,0.0,0.0,-0.08,0.0,AUDUSD,Emergency Closur,753376968
54262539,60654499,2026-03-16 04:04:34,1773633874943,0,1,99999,60647665,3,0.01,0.70145,0.0,0.0,-0.08,0.0,AUDUSD,Emergency Closur,753376974
54262543,60654503,2026-03-16 04:04:35,1773633875041,0,1,99999,60647682,3,0.01,0.70145,0.0,0.0,-0.06,0.0,AUDUSD,Emergency Closur,753376978
54262544,60654505,2026-03-16 04:04:35,1773633875149,0,1,99999,60647783,3,0.01,0.70145,0.0,0.0,-0.08,0.0,AUDUSD,Emergency Closur,753376981
54262548,60654508,2026-03-16 04:04:35,1773633875256,0,1,99999,60647810,3,0.01,0.70145,0.0,0.0,-0.09,0.0,AUDUSD,Emergency Closur,753376986
54263625,60641214,2026-03-16 04:05:55,1773633955360,1,0,0,60641214,3,0.01,1.14487,0.0,0.0,0.0,0.0,EURUSD,CHAM_NEME_LIVE,753379195
54263626,60641252,2026-03-16 04:05:55,1773633955365,1,0,0,60641252,3,0.01,1.14487,0.0,0.0,0.0,0.0,EURUSD,HYBRID_NEME_SHIE,753379196
54263636,60641329,2026-03-16 04:05:56,1773633956560,1,0,0,60641329,3,0.01,1.14486,0.0,0.0,0.0,0.0,EURUSD,KAIDO_30R,753379225
54263637,60641352,2026-03-16 04:05:56,1773633956560,1,0,0,60641352,3,0.01,1.14486,0.0,0.0,0.0,0.0,EURUSD,KAIDO_TRAILING,753379226
54263638,60641302,2026-03-16 04:05:56,1773633956565,1,0,0,60641302,3,0.01,1.14486,0.0,0.0,0.0,0.0,EURUSD,KAIDO_15R,753379223
54263639,60641320,2026-03-16 04:05:56,1773633956567,1,0,0,60641320,3,0.01,1.14486,0.0,0.0,0.0,0.0,EURUSD,KAIDO_20R,753379224
54263679,60647497,2026-03-16 04:06:01,1773633961635,1,0,0,60647497,3,0.01,1.32602,0.0,0.0,0.0,0.0,GBPUSD,HYBRID_NEME_SHIE,753379354
54263680,60647520,2026-03-16 04:06:01,1773633961637,1,0,0,60647520,3,0.01,1.32602,0.0,0.0,0.0,0.0,GBPUSD,KAIDO_15R,753379355
54263681,60647574,2026-03-16 04:06:01,1773633961642,1,0,0,60647574,3,0.01,1.32602,0.0,0.0,0.0,0.0,GBPUSD,KAIDO_30R,753379357
54263682,60647554,2026-03-16 04:06:01,1773633961644,1,0,0,60647554,3,0.01,1.32602,0.0,0.0,0.0,0.0,GBPUSD,KAIDO_20R,753379356
54263685,60647598,2026-03-16 04:06:01,1773633961783,1,0,0,60647598,3,0.01,1.32601,0.0,0.0,0.0,0.0,GBPUSD,KAIDO_TRAILING,753379358
54263705,60655697,2026-03-16 04:06:03,1773633963073,0,1,99999,60641214,3,0.01,1.14491,0.0,0.0,-0.04,0.0,EURUSD,Emergency Closur,753379417
54263710,60655702,2026-03-16 04:06:03,1773633963172,0,1,99999,60641252,3,0.01,1.14491,0.0,0.0,-0.04,0.0,EURUSD,Emergency Closur,753379427
54263715,60655709,2026-03-16 04:06:03,1773633963282,0,1,99999,60641302,3,0.01,1.14491,0.0,0.0,-0.05,0.0,EURUSD,Emergency Closur,753379435
54263720,60655714,2026-03-16 04:06:03,1773633963388,0,1,99999,60641320,3,0.01,1.14491,0.0,0.0,-0.05,0.0,EURUSD,Emergency Closur,753379442
54263725,60655720,2026-03-16 04:06:03,1773633963493,0,1,99999,60641329,3,0.01,1.14491,0.0,0.0,-0.05,0.0,EURUSD,Emergency Closur,753379453
54263727,60655721,2026-03-16 04:06:03,1773633963603,0,1,99999,60641352,3,0.01,1.14493,0.0,0.0,-0.07,0.0,EURUSD,Emergency Closur,753379455
54263730,60655724,2026-03-16 04:06:03,1773633963773,0,1,99999,60647497,3,0.01,1.32613,0.0,0.0,-0.11,0.0,GBPUSD,Emergency Closur,753379467
54263734,60655726,2026-03-16 04:06:03,1773633963893,0,1,99999,60647520,3,0.01,1.32613,0.0,0.0,-0.11,0.0,GBPUSD,Emergency Closur,753379475
54263740,60655734,2026-03-16 04:06:04,1773633964048,0,1,99999,60647554,3,0.01,1.32613,0.0,0.0,-0.11,0.0,GBPUSD,Emergency Closur,753379507
54263746,60655741,2026-03-16 04:06:04,1773633964362,0,1,99999,60647574,3,0.01,1.32612,0.0,0.0,-0.1,0.0,GBPUSD,Emergency Closur,753379528
54263748,60655744,2026-03-16 04:06:04,1773633964516,0,1,99999,60647598,3,0.01,1.32612,0.0,0.0,-0.11,0.0,GBPUSD,Emergency Closur,753379534
54263947,60647486,2026-03-16 04:06:10,1773633970666,1,0,0,60647486,3,0.01,1.326,0.0,0.0,0.0,0.0,GBPUSD,CHAM_NEME_LIVE,753379793
54264749,60647852,2026-03-16 04:07:33,1773634053451,1,0,0,60647852,3,0.01,0.70128,0.0,0.0,0.0,0.0,AUDUSD,KAIDO_TRAILING,753381529
54264960,60648229,2026-03-16 04:07:58,1773634078851,0,0,0,60648229,3,0.01,1.37105,0.0,0.0,0.0,0.0,USDCAD,KAIDO_TRAILING,753382006
54264961,60643948,2026-03-16 04:07:58,1773634078894,1,0,0,60643948,3,0.01,0.58029,0.0,0.0,0.0,0.0,NZDUSD,KAIDO_TRAILING,753382008
54264962,60643596,2026-03-16 04:07:58,1773634078897,1,0,0,60643596,3,0.01,0.58028,0.0,0.0,0.0,0.0,NZDUSD,CHAM_NEME_LIVE,753382007
54264963,60648112,2026-03-16 04:07:59,1773634079018,0,0,0,60648112,3,0.01,1.37108,0.0,0.0,0.0,0.0,USDCAD,HYBRID_NEME_SHIE,753382011
54264964,60648180,2026-03-16 04:07:59,1773634079019,0,0,0,60648180,3,0.01,1.37108,0.0,0.0,0.0,0.0,USDCAD,KAIDO_20R,753382013
54264965,60648125,2026-03-16 04:07:59,1773634079020,0,0,0,60648125,3,0.01,1.37108,0.0,0.0,0.0,0.0,USDCAD,KAIDO_15R,753382012
54264966,60648209,2026-03-16 04:07:59,1773634079020,0,0,0,60648209,3,0.01,1.37108,0.0,0.0,0.0,0.0,USDCAD,KAIDO_30R,753382014
54265225,60648049,2026-03-16 04:08:38,1773634118194,0,0,0,60648049,3,0.01,1.37109,0.0,0.0,0.0,0.0,USDCAD,CHAM_NEME_LIVE,753382519
54265771,60648025,2026-03-16 04:10:04,1773634204285,0,0,0,60648025,3,0.01,1.37115,0.0,0.0,0.0,0.0,USDCAD,LHN_NEME_POLIMAT,753383803
54266717,60643752,2026-03-16 04:11:31,1773634291513,1,0,0,60643752,3,0.01,0.58022,0.0,0.0,0.0,0.0,NZDUSD,KAIDO_20R,753385977
54266718,60643823,2026-03-16 04:11:31,1773634291516,1,0,0,60643823,3,0.01,0.58022,0.0,0.0,0.0,0.0,NZDUSD,KAIDO_30R,753385978
54266719,60643697,2026-03-16 04:11:31,1773634291518,1,0,0,60643697,3,0.01,0.58022,0.0,0.0,0.0,0.0,NZDUSD,KAIDO_15R,753385976
54266720,60643641,2026-03-16 04:11:31,1773634291520,1,0,0,60643641,3,0.01,0.58022,0.0,0.0,0.0,0.0,NZDUSD,HYBRID_NEME_SHIE,753385975
54268305,60641674,2026-03-16 04:13:10,1773634390300,1,0,0,60641674,3,0.01,1.32562,0.0,0.0,0.0,0.0,GBPUSD,KAIDO_15R,753390331
54268306,60641667,2026-03-16 04:13:10,1773634390303,1,0,0,60641667,3,0.01,1.32562,0.0,0.0,0.0,0.0,GBPUSD,HYBRID_NEME_SHIE,753390330
54268307,60648548,2026-03-16 04:13:10,1773634390331,1,0,0,60648548,3,0.01,0.58018,0.0,0.0,0.0,0.0,NZDUSD,KAIDO_15R,753390336
54268391,60648555,2026-03-16 04:13:12,1773634392686,1,0,0,60648555,3,0.01,0.58017,0.0,0.0,0.0,0.0,NZDUSD,KAIDO_20R,753390510
54268392,60648562,2026-03-16 04:13:12,1773634392690,1,0,0,60648562,3,0.01,0.58017,0.0,0.0,0.0,0.0,NZDUSD,KAIDO_30R,753390511
54268399,60648578,2026-03-16 04:13:12,1773634392882,1,0,0,60648578,3,0.01,0.58016,0.0,0.0,0.0,0.0,NZDUSD,KAIDO_TRAILING,753390522
54268400,60648538,2026-03-16 04:13:12,1773634392885,1,0,0,60648538,3,0.01,0.58016,0.0,0.0,0.0,0.0,NZDUSD,HYBRID_NEME_SHIE,753390521
54268442,60641708,2026-03-16 04:13:14,1773634394828,1,0,0,60641708,3,0.01,1.32561,0.0,0.0,0.0,0.0,GBPUSD,KAIDO_30R,753390679
54268443,60641689,2026-03-16 04:13:14,1773634394831,1,0,0,60641689,3,0.01,1.32561,0.0,0.0,0.0,0.0,GBPUSD,KAIDO_20R,753390678
54268444,60641722,2026-03-16 04:13:14,1773634394831,1,0,0,60641722,3,0.01,1.32561,0.0,0.0,0.0,0.0,GBPUSD,KAIDO_TRAILING,753390680
54268687,60642376,2026-03-16 04:13:30,1773634410209,1,0,0,60642376,3,0.01,0.701,0.0,0.0,0.0,0.0,AUDUSD,CHAM_NEME_LIVE,753391231
54283201,60675287,2026-03-16 04:38:47,1773635927320,0,1,99999,60641667,3,0.01,1.32528,0.0,0.0,0.34,0.0,GBPUSD,Emergency Closur,753427755
54283202,60675288,2026-03-16 04:38:47,1773635927477,0,1,99999,60641674,3,0.01,1.32528,0.0,0.0,0.34,0.0,GBPUSD,Emergency Closur,753427756
54283205,60675291,2026-03-16 04:38:47,1773635927635,0,1,99999,60641689,3,0.01,1.3253,0.0,0.0,0.31,0.0,GBPUSD,Emergency Closur,753427761
54283208,60675293,2026-03-16 04:38:47,1773635927744,0,1,99999,60641708,3,0.01,1.3253,0.0,0.0,0.31,0.0,GBPUSD,Emergency Closur,753427763
54283209,60675294,2026-03-16 04:38:47,1773635927844,0,1,99999,60641722,3,0.01,1.3253,0.0,0.0,0.31,0.0,GBPUSD,Emergency Closur,753427766
54283210,60675295,2026-03-16 04:38:47,1773635927952,0,1,99999,60642376,3,0.01,0.70046,0.0,0.0,0.54,0.0,AUDUSD,Emergency Closur,753427767
54283211,60675296,2026-03-16 04:38:48,1773635928070,0,1,99999,60643596,3,0.01,0.58011,0.0,0.0,0.17,0.0,NZDUSD,Emergency Closur,753427769
54283212,60675297,2026-03-16 04:38:48,1773635928181,0,1,99999,60643641,3,0.01,0.58011,0.0,0.0,0.11,0.0,NZDUSD,Emergency Closur,753427770
54283213,60675298,2026-03-16 04:38:48,1773635928282,0,1,99999,60643697,3,0.01,0.58011,0.0,0.0,0.11,0.0,NZDUSD,Emergency Closur,753427771
54283214,60675299,2026-03-16 04:38:48,1773635928403,0,1,99999,60643752,3,0.01,0.58011,0.0,0.0,0.11,0.0,NZDUSD,Emergency Closur,753427774
54283215,60675300,2026-03-16 04:38:48,1773635928508,0,1,99999,60643823,3,0.01,0.58011,0.0,0.0,0.11,0.0,NZDUSD,Emergency Closur,753427777
54283216,60675301,2026-03-16 04:38:48,1773635928620,0,1,99999,60643948,3,0.01,0.58011,0.0,0.0,0.18,0.0,NZDUSD,Emergency Closur,753427780
54283217,60675302,2026-03-16 04:38:48,1773635928718,0,1,99999,60647486,3,0.01,1.32531,0.0,0.0,0.69,0.0,GBPUSD,Emergency Closur,753427783
54283218,60675303,2026-03-16 04:38:48,1773635928829,0,1,99999,60647852,3,0.01,0.7005,0.0,0.0,0.78,0.0,AUDUSD,Emergency Closur,753427784
54283219,60675304,2026-03-16 04:38:48,1773635928935,1,1,99999,60648025,3,0.01,1.37102,0.0,0.0,-0.09,0.0,USDCAD,Emergency Closur,753427786
54283220,60675305,2026-03-16 04:38:49,1773635929043,1,1,99999,60648049,3,0.01,1.37102,0.0,0.0,-0.05,0.0,USDCAD,Emergency Closur,753427787
54283222,60675307,2026-03-16 04:38:49,1773635929146,1,1,99999,60648112,3,0.01,1.37103,0.0,0.0,-0.04,0.0,USDCAD,Emergency Closur,753427789
54283223,60675308,2026-03-16 04:38:49,1773635929243,1,1,99999,60648125,3,0.01,1.37103,0.0,0.0,-0.04,0.0,USDCAD,Emergency Closur,753427790
54283224,60675309,2026-03-16 04:38:49,1773635929370,1,1,99999,60648180,3,0.01,1.37103,0.0,0.0,-0.04,0.0,USDCAD,Emergency Closur,753427793
54283226,60675311,2026-03-16 04:38:49,1773635929558,1,1,99999,60648209,3,0.01,1.37099,0.0,0.0,-0.07,0.0,USDCAD,Emergency Closur,753427796
54283229,60675314,2026-03-16 04:38:49,1773635929756,1,1,99999,60648229,3,0.01,1.37098,0.0,0.0,-0.05,0.0,USDCAD,Emergency Closur,753427800
54283233,60675318,2026-03-16 04:38:49,1773635929943,0,1,99999,60648538,3,0.01,0.58011,0.0,0.0,0.05,0.0,NZDUSD,Emergency Closur,753427810
54283234,60675319,2026-03-16 04:38:50,1773635930042,0,1,99999,60648548,3,0.01,0.58011,0.0,0.0,0.07,0.0,NZDUSD,Emergency Closur,753427811
54283236,60675321,2026-03-16 04:38:50,1773635930151,0,1,99999,60648555,3,0.01,0.58011,0.0,0.0,0.06,0.0,NZDUSD,Emergency Closur,753427814
54283239,60675324,2026-03-16 04:38:50,1773635930255,0,1,99999,60648562,3,0.01,0.58011,0.0,0.0,0.06,0.0,NZDUSD,Emergency Closur,753427817
54283241,60675326,2026-03-16 04:38:50,1773635930356,0,1,99999,60648578,3,0.01,0.58011,0.0,0.0,0.05,0.0,NZDUSD,Emergency Closur,753427821
54287506,60678132,2026-03-16 04:51:28,1773636688259,0,0,0,60678132,3,0.01,1.37085,0.0,0.0,0.0,0.0,USDCAD,LHN_NEMESIS_SNIP,753438588
54287507,60678223,2026-03-16 04:51:28,1773636688261,0,0,0,60678223,3,0.01,1.37085,0.0,0.0,0.0,0.0,USDCAD,HYBRID_NEME_SHIE,753438590
54287508,60678225,2026-03-16 04:51:28,1773636688263,0,0,0,60678225,3,0.01,1.37085,0.0,0.0,0.0,0.0,USDCAD,HYBRID_NEME_SHIE,753438591
54287509,60678156,2026-03-16 04:51:28,1773636688267,0,0,0,60678156,3,0.01,1.37085,0.0,0.0,0.0,0.0,USDCAD,LHN_NEME_POLIMAT,753438589
54287518,60678267,2026-03-16 04:51:29,1773636689310,0,0,0,60678267,3,0.01,1.37087,0.0,0.0,0.0,0.0,USDCAD,KAIDO_20R,753438620
54287519,60678324,2026-03-16 04:51:29,1773636689315,0,0,0,60678324,3,0.01,1.37088,0.0,0.0,0.0,0.0,USDCAD,KAIDO_TRAILING,753438623
54287520,60678241,2026-03-16 04:51:29,1773636689315,0,0,0,60678241,3,0.01,1.37086,0.0,0.0,0.0,0.0,USDCAD,KAIDO_15R,753438617
54287521,60678300,2026-03-16 04:51:29,1773636689316,0,0,0,60678300,3,0.01,1.37088,0.0,0.0,0.0,0.0,USDCAD,KAIDO_30R,753438621
54287522,60678173,2026-03-16 04:51:29,1773636689316,0,0,0,60678173,3,0.01,1.37086,0.0,0.0,0.0,0.0,USDCAD,CHAM_NEME_LIVE,753438615
54287523,60678246,2026-03-16 04:51:29,1773636689317,0,0,0,60678246,3,0.01,1.37086,0.0,0.0,0.0,0.0,USDCAD,KAIDO_15R,753438618
54287524,60678261,2026-03-16 04:51:29,1773636689317,0,0,0,60678261,3,0.01,1.37087,0.0,0.0,0.0,0.0,USDCAD,KAIDO_20R,753438619
54287525,60678328,2026-03-16 04:51:29,1773636689318,0,0,0,60678328,3,0.01,1.37088,0.0,0.0,0.0,0.0,USDCAD,KAIDO_TRAILING,753438624
54287526,60678180,2026-03-16 04:51:29,1773636689319,0,0,0,60678180,3,0.01,1.37086,0.0,0.0,0.0,0.0,USDCAD,CHAM_NEME_LIVE,753438616
54287527,60678305,2026-03-16 04:51:29,1773636689320,0,0,0,60678305,3,0.01,1.37088,0.0,0.0,0.0,0.0,USDCAD,KAIDO_30R,753438622
54287573,60679747,2026-03-16 04:51:35,1773636695859,1,1,99999,60678132,3,0.01,1.37081,0.0,0.0,-0.03,0.0,USDCAD,Emergency Closur,753438755
54287574,60679748,2026-03-16 04:51:35,1773636695963,1,1,99999,60678156,3,0.01,1.37081,0.0,0.0,-0.03,0.0,USDCAD,Emergency Closur,753438756
54287575,60679749,2026-03-16 04:51:36,1773636696068,1,1,99999,60678173,3,0.01,1.37081,0.0,0.0,-0.04,0.0,USDCAD,Emergency Closur,753438757
54287578,60679752,2026-03-16 04:51:36,1773636696183,1,1,99999,60678180,3,0.01,1.37081,0.0,0.0,-0.04,0.0,USDCAD,Emergency Closur,753438760
54287579,60679753,2026-03-16 04:51:36,1773636696289,1,1,99999,60678223,3,0.01,1.37081,0.0,0.0,-0.03,0.0,USDCAD,Emergency Closur,753438761
54287581,60679755,2026-03-16 04:51:36,1773636696389,1,1,99999,60678225,3,0.01,1.37081,0.0,0.0,-0.03,0.0,USDCAD,Emergency Closur,753438764
54287582,60679757,2026-03-16 04:51:36,1773636696512,1,1,99999,60678241,3,0.01,1.37081,0.0,0.0,-0.04,0.0,USDCAD,Emergency Closur,753438766
54287584,60679758,2026-03-16 04:51:36,1773636696640,1,1,99999,60678246,3,0.01,1.37081,0.0,0.0,-0.04,0.0,USDCAD,Emergency Closur,753438769
54287585,60679759,2026-03-16 04:51:36,1773636696745,1,1,99999,60678261,3,0.01,1.37081,0.0,0.0,-0.04,0.0,USDCAD,Emergency Closur,753438770
54287586,60679760,2026-03-16 04:51:36,1773636696849,1,1,99999,60678267,3,0.01,1.37081,0.0,0.0,-0.04,0.0,USDCAD,Emergency Closur,753438771
54287587,60679761,2026-03-16 04:51:36,1773636696949,1,1,99999,60678300,3,0.01,1.37081,0.0,0.0,-0.05,0.0,USDCAD,Emergency Closur,753438773
54287588,60679762,2026-03-16 04:51:37,1773636697171,1,1,99999,60678305,3,0.01,1.37082,0.0,0.0,-0.04,0.0,USDCAD,Emergency Closur,753438779
54287593,60679767,2026-03-16 04:51:37,1773636697692,1,1,99999,60678324,3,0.01,1.37078,0.0,0.0,-0.07,0.0,USDCAD,Emergency Closur,753438785
54287594,60679768,2026-03-16 04:51:37,1773636697800,1,1,99999,60678328,3,0.01,1.37078,0.0,0.0,-0.07,0.0,USDCAD,Emergency Closur,753438787
54290664,60683085,2026-03-16 05:00:25,1773637225150,0,0,0,60683085,3,0.01,211.383,0.0,0.0,0.0,0.0,GBPJPY,KAIDO_30R,753447050
54290665,60683132,2026-03-16 05:00:25,1773637225155,0,0,0,60683132,3,0.01,211.382,0.0,0.0,0.0,0.0,GBPJPY,KAIDO_TRAILING,753447051
54290693,60683176,2026-03-16 05:00:30,1773637230373,1,1,99999,60683085,3,0.01,211.366,0.0,0.0,-0.11,0.0,GBPJPY,Emergency Closur,753447148
54290694,60683177,2026-03-16 05:00:30,1773637230507,1,1,99999,60683132,3,0.01,211.366,0.0,0.0,-0.1,0.0,GBPJPY,Emergency Closur,753447150
54290703,60682996,2026-03-16 05:00:31,1773637231786,0,0,0,60682996,3,0.01,211.386,0.0,0.0,0.0,0.0,GBPJPY,KAIDO_20R,753447172
54291058,60682957,2026-03-16 05:01:23,1773637283770,0,0,0,60682957,3,0.01,211.395,0.0,0.0,0.0,0.0,GBPJPY,HYBRID_NEME_SHIE,753448108
54291113,60682900,2026-03-16 05:01:36,1773637296915,0,0,0,60682900,3,0.01,211.401,0.0,0.0,0.0,0.0,GBPJPY,CHAM_NEME_LIVE,753448344
54297471,60690140,2026-03-16 05:23:06,1773638586517,0,0,0,60690140,3,0.01,211.486,0.0,0.0,0.0,0.0,GBPJPY,CHAM_NEME_LIVE,753462232
54297659,60644028,2026-03-16 05:24:16,1773638656228,0,0,0,60644028,3,0.01,0.58077,0.0,0.0,0.0,0.0,NZDUSD,LHN_ALFA_S20R15_,753462642
54297660,60644013,2026-03-16 05:24:16,1773638656324,0,0,0,60644013,3,0.01,0.58078,0.0,0.0,0.0,0.0,NZDUSD,LHN_ALFA_S15R15_,753462645
54297661,60644074,2026-03-16 05:24:16,1773638656324,0,0,0,60644074,3,0.01,0.58078,0.0,0.0,0.0,0.0,NZDUSD,LHN_ALFA_S20R18_,753462647
54297662,60644064,2026-03-16 05:24:16,1773638656325,0,0,0,60644064,3,0.01,0.58078,0.0,0.0,0.0,0.0,NZDUSD,LHN_ALFA_S15R18_,753462646
54298102,60690192,2026-03-16 05:25:45,1773638745446,0,0,0,60690192,3,0.01,211.495,0.0,0.0,0.0,0.0,GBPJPY,KAIDO_30R,753463619
54298103,60690153,2026-03-16 05:25:45,1773638745447,0,0,0,60690153,3,0.01,211.495,0.0,0.0,0.0,0.0,GBPJPY,HYBRID_NEME_SHIE,753463616
54298104,60690161,2026-03-16 05:25:45,1773638745450,0,0,0,60690161,3,0.01,211.495,0.0,0.0,0.0,0.0,GBPJPY,KAIDO_15R,753463617
54298105,60690175,2026-03-16 05:25:45,1773638745453,0,0,0,60690175,3,0.01,211.495,0.0,0.0,0.0,0.0,GBPJPY,KAIDO_20R,753463618
54298106,60690202,2026-03-16 05:25:45,1773638745455,0,0,0,60690202,3,0.01,211.495,0.0,0.0,0.0,0.0,GBPJPY,KAIDO_TRAILING,753463620
54299038,60691712,2026-03-16 05:29:20,1773638960846,1,0,0,60691712,3,0.01,0.86366,0.0,0.0,0.0,0.0,EURGBP,CHAM_NEME_LIVE,753465742
54299151,60691723,2026-03-16 05:29:47,1773638987069,1,0,0,60691723,3,0.01,0.86364,0.0,0.0,0.0,0.0,EURGBP,HYBRID_NEME_SHIE,753466002
54299152,60691740,2026-03-16 05:29:47,1773638987073,1,0,0,60691740,3,0.01,0.86364,0.0,0.0,0.0,0.0,EURGBP,KAIDO_15R,753466003
54299153,60691756,2026-03-16 05:29:47,1773638987073,1,0,0,60691756,3,0.01,0.86364,0.0,0.0,0.0,0.0,EURGBP,KAIDO_20R,753466004
54299169,60691804,2026-03-16 05:29:51,1773638991867,1,0,0,60691804,3,0.01,0.86363,0.0,0.0,0.0,0.0,EURGBP,KAIDO_TRAILING,753466081
54299170,60691781,2026-03-16 05:29:51,1773638991871,1,0,0,60691781,3,0.01,0.86363,0.0,0.0,0.0,0.0,EURGBP,KAIDO_30R,753466080
54300222,60692952,2026-03-16 05:30:58,1773639058231,1,1,99999,60644013,3,0.01,0.5806,0.0,0.0,-0.18,0.0,NZDUSD,Emergency Closur,753468242
54300224,60692953,2026-03-16 05:30:58,1773639058344,1,1,99999,60644028,3,0.01,0.5806,0.0,0.0,-0.17,0.0,NZDUSD,Emergency Closur,753468243
54300226,60692955,2026-03-16 05:30:58,1773639058456,1,1,99999,60644064,3,0.01,0.5806,0.0,0.0,-0.18,0.0,NZDUSD,Emergency Closur,753468245
54300229,60692958,2026-03-16 05:30:58,1773639058557,1,1,99999,60644074,3,0.01,0.58059,0.0,0.0,-0.19,0.0,NZDUSD,Emergency Closur,753468249
54300230,60692959,2026-03-16 05:30:58,1773639058700,1,1,99999,60682900,3,0.01,211.48,0.0,0.0,0.5,0.0,GBPJPY,Emergency Closur,753468250
54300232,60692961,2026-03-16 05:30:58,1773639058833,1,1,99999,60682957,3,0.01,211.478,0.0,0.0,0.52,0.0,GBPJPY,Emergency Closur,753468253
54300235,60692964,2026-03-16 05:30:58,1773639058950,1,1,99999,60682996,3,0.01,211.478,0.0,0.0,0.58,0.0,GBPJPY,Emergency Closur,753468259
54300237,60692966,2026-03-16 05:30:59,1773639059052,1,1,99999,60690140,3,0.01,211.477,0.0,0.0,-0.06,0.0,GBPJPY,Emergency Closur,753468263
54300239,60692968,2026-03-16 05:30:59,1773639059154,1,1,99999,60690153,3,0.01,211.477,0.0,0.0,-0.11,0.0,GBPJPY,Emergency Closur,753468266
54300242,60692971,2026-03-16 05:30:59,1773639059259,1,1,99999,60690161,3,0.01,211.477,0.0,0.0,-0.11,0.0,GBPJPY,Emergency Closur,753468269
54300247,60692976,2026-03-16 05:30:59,1773639059362,1,1,99999,60690175,3,0.01,211.477,0.0,0.0,-0.11,0.0,GBPJPY,Emergency Closur,753468274
54300248,60692977,2026-03-16 05:30:59,1773639059468,1,1,99999,60690192,3,0.01,211.477,0.0,0.0,-0.11,0.0,GBPJPY,Emergency Closur,753468276
54300249,60692978,2026-03-16 05:30:59,1773639059577,1,1,99999,60690202,3,0.01,211.477,0.0,0.0,-0.11,0.0,GBPJPY,Emergency Closur,753468278
54300251,60692980,2026-03-16 05:30:59,1773639059684,0,1,99999,60691712,3,0.01,0.86376,0.0,0.0,-0.13,0.0,EURGBP,Emergency Closur,753468281
54300252,60692981,2026-03-16 05:30:59,1773639059794,0,1,99999,60691723,3,0.01,0.86376,0.0,0.0,-0.16,0.0,EURGBP,Emergency Closur,753468282
54300253,60692982,2026-03-16 05:30:59,1773639059891,0,1,99999,60691740,3,0.01,0.86376,0.0,0.0,-0.16,0.0,EURGBP,Emergency Closur,753468283
54300255,60692984,2026-03-16 05:30:59,1773639059991,0,1,99999,60691756,3,0.01,0.86376,0.0,0.0,-0.16,0.0,EURGBP,Emergency Closur,753468285
54300257,60692986,2026-03-16 05:31:00,1773639060190,0,1,99999,60691781,3,0.01,0.86376,0.0,0.0,-0.17,0.0,EURGBP,Emergency Closur,753468294
54300261,60692990,2026-03-16 05:31:00,1773639060497,0,1,99999,60691804,3,0.01,0.86375,0.0,0.0,-0.16,0.0,EURGBP,Emergency Closur,753468308
54300680,60644143,2026-03-16 05:31:32,1773639092031,0,0,0,60644143,3,0.01,0.58079,0.0,0.0,0.0,0.0,NZDUSD,LHN_ALFA_S20R25_,753470352
54300681,60644305,2026-03-16 05:31:32,1773639092032,0,0,0,60644305,3,0.01,0.58079,0.0,0.0,0.0,0.0,NZDUSD,LHN_WINNER_S18R1,753470354
54300682,60644090,2026-03-16 05:31:32,1773639092033,0,0,0,60644090,3,0.01,0.58079,0.0,0.0,0.0,0.0,NZDUSD,LHN_ALFA_S15R20_,753470350
54300683,60644100,2026-03-16 05:31:32,1773639092034,0,0,0,60644100,3,0.01,0.58079,0.0,0.0,0.0,0.0,NZDUSD,LHN_ALFA_S20R20_,753470351
54300684,60644187,2026-03-16 05:31:32,1773639092036,0,0,0,60644187,3,0.01,0.58079,0.0,0.0,0.0,0.0,NZDUSD,LHN_WINNER_S15R1,753470353
54300722,60644151,2026-03-16 05:31:35,1773639095888,0,0,0,60644151,3,0.01,0.5808,0.0,0.0,0.0,0.0,NZDUSD,LHN_WINNER_S10R1,753470504
54300723,60644157,2026-03-16 05:31:35,1773639095888,0,0,0,60644157,3,0.01,0.5808,0.0,0.0,0.0,0.0,NZDUSD,LHN_WINNER_S12R1,753470505
54300724,60644112,2026-03-16 05:31:35,1773639095888,0,0,0,60644112,3,0.01,0.5808,0.0,0.0,0.0,0.0,NZDUSD,LHN_ALFA_S15R25_,753470503
54300737,60644512,2026-03-16 05:31:36,1773639096393,0,0,0,60644512,3,0.01,0.58081,0.0,0.0,0.0,0.0,NZDUSD,LHN_WINNER_S40R1,753470526
54300738,60644426,2026-03-16 05:31:36,1773639096393,0,0,0,60644426,3,0.01,0.58081,0.0,0.0,0.0,0.0,NZDUSD,LHN_WINNER_S25R1,753470524
54300739,60644494,2026-03-16 05:31:36,1773639096398,0,0,0,60644494,3,0.01,0.58081,0.0,0.0,0.0,0.0,NZDUSD,LHN_WINNER_S30R1,753470525
54301367,60644528,2026-03-16 05:32:48,1773639168785,0,0,0,60644528,3,0.01,0.58082,0.0,0.0,0.0,0.0,NZDUSD,LHN_EXPL_S15R30_,753472108
54301368,60644344,2026-03-16 05:32:48,1773639168788,0,0,0,60644344,3,0.01,0.58082,0.0,0.0,0.0,0.0,NZDUSD,LHN_WINNER_S20R1,753472107
54301369,60644568,2026-03-16 05:32:48,1773639168883,0,0,0,60644568,3,0.01,0.58083,0.0,0.0,0.0,0.0,NZDUSD,LHN_EXPL_S25R40_,753472110
54301376,60644546,2026-03-16 05:32:51,1773639171789,0,0,0,60644546,3,0.01,0.58084,0.0,0.0,0.0,0.0,NZDUSD,LHN_EXPL_S25R30_,753472130
54301377,60644558,2026-03-16 05:32:51,1773639171890,0,0,0,60644558,3,0.01,0.58085,0.0,0.0,0.0,0.0,NZDUSD,LHN_EXPL_S15R40_,753472131
54309473,60702457,2026-03-16 06:00:33,1773640833762,1,1,99999,60644090,3,0.01,0.58087,0.0,0.0,0.08,0.0,NZDUSD,Emergency Closur,753492059
54309474,60702458,2026-03-16 06:00:33,1773640833865,1,1,99999,60644100,3,0.01,0.58087,0.0,0.0,0.08,0.0,NZDUSD,Emergency Closur,753492060
54309475,60702459,2026-03-16 06:00:33,1773640833960,1,1,99999,60644112,3,0.01,0.58087,0.0,0.0,0.07,0.0,NZDUSD,Emergency Closur,753492062
54309476,60702460,2026-03-16 06:00:34,1773640834064,1,1,99999,60644143,3,0.01,0.58087,0.0,0.0,0.08,0.0,NZDUSD,Emergency Closur,753492064
54309477,60702461,2026-03-16 06:00:34,1773640834248,1,1,99999,60644151,3,0.01,0.58087,0.0,0.0,0.07,0.0,NZDUSD,Emergency Closur,753492065
54309478,60702462,2026-03-16 06:00:34,1773640834353,1,1,99999,60644157,3,0.01,0.58087,0.0,0.0,0.07,0.0,NZDUSD,Emergency Closur,753492066
54309479,60702463,2026-03-16 06:00:34,1773640834461,1,1,99999,60644187,3,0.01,0.58087,0.0,0.0,0.08,0.0,NZDUSD,Emergency Closur,753492067
54309480,60702464,2026-03-16 06:00:34,1773640834565,1,1,99999,60644305,3,0.01,0.58087,0.0,0.0,0.08,0.0,NZDUSD,Emergency Closur,753492068
54309482,60702466,2026-03-16 06:00:34,1773640834674,1,1,99999,60644344,3,0.01,0.58087,0.0,0.0,0.05,0.0,NZDUSD,Emergency Closur,753492070
54309483,60702467,2026-03-16 06:00:34,1773640834772,1,1,99999,60644426,3,0.01,0.58087,0.0,0.0,0.06,0.0,NZDUSD,Emergency Closur,753492071
54309484,60702468,2026-03-16 06:00:34,1773640834872,1,1,99999,60644494,3,0.01,0.58087,0.0,0.0,0.06,0.0,NZDUSD,Emergency Closur,753492072
54309485,60702469,2026-03-16 06:00:34,1773640834978,1,1,99999,60644512,3,0.01,0.58087,0.0,0.0,0.06,0.0,NZDUSD,Emergency Closur,753492073
54309486,60702470,2026-03-16 06:00:35,1773640835075,1,1,99999,60644528,3,0.01,0.58087,0.0,0.0,0.05,0.0,NZDUSD,Emergency Closur,753492074
54309487,60702471,2026-03-16 06:00:35,1773640835175,1,1,99999,60644546,3,0.01,0.58087,0.0,0.0,0.03,0.0,NZDUSD,Emergency Closur,753492075
54309488,60702472,2026-03-16 06:00:35,1773640835276,1,1,99999,60644558,3,0.01,0.58087,0.0,0.0,0.02,0.0,NZDUSD,Emergency Closur,753492076
54309489,60702473,2026-03-16 06:00:35,1773640835379,1,1,99999,60644568,3,0.01,0.58087,0.0,0.0,0.04,0.0,NZDUSD,Emergency Closur,753492077
54315838,60708904,2026-03-16 06:25:45,1773642345006,1,0,0,60708904,3,0.01,211.499,0.0,0.0,0.0,0.0,GBPJPY,CHAM_NEME_LIVE,753506162
54315857,60708928,2026-03-16 06:25:48,1773642348764,1,0,0,60708928,3,0.01,211.498,0.0,0.0,0.0,0.0,GBPJPY,HYBRID_NEME_SHIE,753506210
54315865,60708937,2026-03-16 06:25:52,1773642352740,1,0,0,60708937,3,0.01,211.495,0.0,0.0,0.0,0.0,GBPJPY,KAIDO_15R,753506233
54315872,60708943,2026-03-16 06:25:57,1773642357946,1,0,0,60708943,3,0.01,211.494,0.0,0.0,0.0,0.0,GBPJPY,KAIDO_20R,753506267
54315891,60708958,2026-03-16 06:26:07,1773642367826,1,0,0,60708958,3,0.01,211.492,0.0,0.0,0.0,0.0,GBPJPY,KAIDO_TRAILING,753506336
54315899,60708949,2026-03-16 06:26:08,1773642368376,1,0,0,60708949,3,0.01,211.48,0.0,0.0,0.0,0.0,GBPJPY,KAIDO_30R,753506369
54316088,60709156,2026-03-16 06:26:22,1773642382765,0,1,99999,60708904,3,0.01,211.506,0.0,0.0,-0.04,0.0,GBPJPY,Emergency Closur,753506853
54316111,60709179,2026-03-16 06:26:23,1773642383915,0,1,99999,60708928,3,0.01,211.504,0.0,0.0,-0.04,0.0,GBPJPY,Emergency Closur,753506891
54316114,60709181,2026-03-16 06:26:24,1773642384033,0,1,99999,60708937,3,0.01,211.504,0.0,0.0,-0.06,0.0,GBPJPY,Emergency Closur,753506895
54316116,60709184,2026-03-16 06:26:24,1773642384142,0,1,99999,60708943,3,0.01,211.504,0.0,0.0,-0.06,0.0,GBPJPY,Emergency Closur,753506898
54316118,60709186,2026-03-16 06:26:24,1773642384245,0,1,99999,60708949,3,0.01,211.504,0.0,0.0,-0.15,0.0,GBPJPY,Emergency Closur,753506900
54316119,60709187,2026-03-16 06:26:24,1773642384346,0,1,99999,60708958,3,0.01,211.504,0.0,0.0,-0.08,0.0,GBPJPY,Emergency Closur,753506902
54324478,60708827,2026-03-16 06:55:59,1773644159809,1,0,0,60708827,3,0.01,0.58096,0.0,0.0,0.0,0.0,NZDUSD,KAIDO_20R,753526683
54324479,60708804,2026-03-16 06:55:59,1773644159816,1,0,0,60708804,3,0.01,0.58096,0.0,0.0,0.0,0.0,NZDUSD,KAIDO_15R,753526682
54324492,60708773,2026-03-16 06:56:01,1773644161616,1,0,0,60708773,3,0.01,0.58095,0.0,0.0,0.0,0.0,NZDUSD,HYBRID_NEME_SHIE,753526715
54324493,60708864,2026-03-16 06:56:01,1773644161619,1,0,0,60708864,3,0.01,0.58094,0.0,0.0,0.0,0.0,NZDUSD,KAIDO_TRAILING,753526717
54324495,60708750,2026-03-16 06:56:01,1773644161620,1,0,0,60708750,3,0.01,0.58094,0.0,0.0,0.0,0.0,NZDUSD,CHAM_NEME_LIVE,753526714
54324496,60708846,2026-03-16 06:56:01,1773644161627,1,0,0,60708846,3,0.01,0.58094,0.0,0.0,0.0,0.0,NZDUSD,KAIDO_30R,753526716
54325493,60719000,2026-03-16 07:00:38,1773644438579,0,1,99999,60708750,3,0.01,0.5811,0.0,0.0,-0.16,0.0,NZDUSD,Emergency Closur,753528675
54325494,60719002,2026-03-16 07:00:38,1773644438687,0,1,99999,60708773,3,0.01,0.5811,0.0,0.0,-0.15,0.0,NZDUSD,Emergency Closur,753528676
54325495,60719003,2026-03-16 07:00:38,1773644438793,0,1,99999,60708804,3,0.01,0.5811,0.0,0.0,-0.14,0.0,NZDUSD,Emergency Closur,753528677
54325497,60719004,2026-03-16 07:00:38,1773644438889,0,1,99999,60708827,3,0.01,0.5811,0.0,0.0,-0.14,0.0,NZDUSD,Emergency Closur,753528678
54325498,60719005,2026-03-16 07:00:38,1773644438992,0,1,99999,60708846,3,0.01,0.5811,0.0,0.0,-0.16,0.0,NZDUSD,Emergency Closur,753528679
54325499,60719006,2026-03-16 07:00:39,1773644439098,0,1,99999,60708864,3,0.01,0.5811,0.0,0.0,-0.16,0.0,NZDUSD,Emergency Closur,753528681
54337073,60692243,2026-03-16 07:59:29,1773647969574,1,0,0,60692243,3,0.01,0.5805,0.0,0.0,0.0,0.0,NZDUSD,KAIDO_15R,753569996
54337074,60692575,2026-03-16 07:59:29,1773647969576,1,0,0,60692575,3,0.01,0.5805,0.0,0.0,0.0,0.0,NZDUSD,KAIDO_20R,753569997
54337089,60691880,2026-03-16 07:59:40,1773647980040,1,0,0,60691880,3,0.01,0.58049,0.0,0.0,0.0,0.0,NZDUSD,HYBRID_NEME_SHIE,753570052
54337090,60692591,2026-03-16 07:59:40,1773647980043,1,0,0,60692591,3,0.01,0.58049,0.0,0.0,0.0,0.0,NZDUSD,KAIDO_30R,753570053
54337091,60691862,2026-03-16 07:59:40,1773647980045,1,0,0,60691862,3,0.01,0.58049,0.0,0.0,0.0,0.0,NZDUSD,CHAM_NEME_LIVE,753570051
54337333,60731347,2026-03-16 08:00:42,1773648042175,0,1,99999,60691862,3,0.01,0.58069,0.0,0.0,-0.2,0.0,NZDUSD,Emergency Closur,753571010
54337335,60731349,2026-03-16 08:00:42,1773648042280,0,1,99999,60691880,3,0.01,0.58069,0.0,0.0,-0.2,0.0,NZDUSD,Emergency Closur,753571013
54337337,60731351,2026-03-16 08:00:42,1773648042371,0,1,99999,60692243,3,0.01,0.58069,0.0,0.0,-0.19,0.0,NZDUSD,Emergency Closur,753571015
54337338,60731352,2026-03-16 08:00:42,1773648042471,0,1,99999,60692575,3,0.01,0.58069,0.0,0.0,-0.19,0.0,NZDUSD,Emergency Closur,753571018
54337339,60731353,2026-03-16 08:00:42,1773648042568,0,1,99999,60692591,3,0.01,0.58069,0.0,0.0,-0.2,0.0,NZDUSD,Emergency Closur,753571019
54337815,60692612,2026-03-16 08:03:50,1773648230907,1,0,0,60692612,3,0.01,0.58045,0.0,0.0,0.0,0.0,NZDUSD,KAIDO_TRAILING,753572718
54342860,60736998,2026-03-16 08:26:30,1773649590355,0,1,99999,60692612,3,0.01,0.58046,0.0,0.0,-0.01,0.0,NZDUSD,Emergency Closur,753597522
54354541,60642579,2026-03-16 09:09:46,1773652186876,0,0,0,60642579,3,0.01,0.70196,0.0,0.0,0.0,0.0,AUDUSD,LHN_ALFA_S20R25_,753638848
54354542,60642610,2026-03-16 09:09:46,1773652186877,0,0,0,60642610,3,0.01,0.70196,0.0,0.0,0.0,0.0,AUDUSD,LHN_WINNER_S18R1,753638849
54354543,60642571,2026-03-16 09:09:46,1773652186880,0,0,0,60642571,3,0.01,0.70196,0.0,0.0,0.0,0.0,AUDUSD,LHN_ALFA_S15R25_,753638847
54354544,60642520,2026-03-16 09:09:46,1773652186883,0,0,0,60642520,3,0.01,0.70196,0.0,0.0,0.0,0.0,AUDUSD,LHN_ALFA_S15R18_,753638846
54354549,60642533,2026-03-16 09:09:47,1773652187843,0,0,0,60642533,3,0.01,0.70197,0.0,0.0,0.0,0.0,AUDUSD,LHN_ALFA_S20R18_,753638868
54354550,60642601,2026-03-16 09:09:47,1773652187848,0,0,0,60642601,3,0.01,0.70197,0.0,0.0,0.0,0.0,AUDUSD,LHN_WINNER_S15R1,753638872
54354551,60642587,2026-03-16 09:09:47,1773652187850,0,0,0,60642587,3,0.01,0.70198,0.0,0.0,0.0,0.0,AUDUSD,LHN_WINNER_S10R1,753638870
54354552,60642543,2026-03-16 09:09:47,1773652187851,0,0,0,60642543,3,0.01,0.70197,0.0,0.0,0.0,0.0,AUDUSD,LHN_ALFA_S15R20_,753638869
54354553,60642597,2026-03-16 09:09:47,1773652187853,0,0,0,60642597,3,0.01,0.70197,0.0,0.0,0.0,0.0,AUDUSD,LHN_WINNER_S12R1,753638871
54359537,60754295,2026-03-16 09:26:33,1773653193473,1,1,99999,60642520,3,0.01,0.70148,0.0,0.0,-0.48,0.0,AUDUSD,Emergency Closur,753661810
54359538,60754296,2026-03-16 09:26:33,1773653193580,1,1,99999,60642533,3,0.01,0.70147,0.0,0.0,-0.5,0.0,AUDUSD,Emergency Closur,753661812
54359539,60754297,2026-03-16 09:26:33,1773653193679,1,1,99999,60642543,3,0.01,0.70147,0.0,0.0,-0.5,0.0,AUDUSD,Emergency Closur,753661813
54359540,60754298,2026-03-16 09:26:33,1773653193771,1,1,99999,60642571,3,0.01,0.70147,0.0,0.0,-0.49,0.0,AUDUSD,Emergency Closur,753661816
54359541,60754299,2026-03-16 09:26:33,1773653193886,1,1,99999,60642579,3,0.01,0.70147,0.0,0.0,-0.49,0.0,AUDUSD,Emergency Closur,753661817
54359542,60754300,2026-03-16 09:26:33,1773653193997,1,1,99999,60642587,3,0.01,0.70147,0.0,0.0,-0.51,0.0,AUDUSD,Emergency Closur,753661818
54359543,60754301,2026-03-16 09:26:34,1773653194103,1,1,99999,60642597,3,0.01,0.70147,0.0,0.0,-0.5,0.0,AUDUSD,Emergency Closur,753661824
54359545,60754303,2026-03-16 09:26:34,1773653194208,1,1,99999,60642601,3,0.01,0.70147,0.0,0.0,-0.5,0.0,AUDUSD,Emergency Closur,753661827
54359546,60754304,2026-03-16 09:26:34,1773653194308,1,1,99999,60642610,3,0.01,0.70147,0.0,0.0,-0.49,0.0,AUDUSD,Emergency Closur,753661828
54392152,60678204,2026-03-16 11:20:04,1773660004625,1,0,0,60678204,3,0.01,1.37038,0.0,0.0,0.0,0.0,USDCAD,CHAM2_ALFA_TREND,753779698
54392153,60678210,2026-03-16 11:20:04,1773660004626,1,0,0,60678210,3,0.01,1.37037,0.0,0.0,0.0,0.0,USDCAD,CHAM2_ALFA_TREND,753779699
54396766,60792517,2026-03-16 11:26:40,1773660400490,0,1,99999,60678204,3,0.01,1.37026,0.0,0.0,0.09,0.0,USDCAD,Emergency Closur,753793147
54396781,60792531,2026-03-16 11:26:41,1773660401903,0,1,99999,60678210,3,0.01,1.3703,0.0,0.0,0.05,0.0,USDCAD,Emergency Closur,753793174
54476150,60869091,2026-03-16 15:03:26,1773673406300,1,0,0,60869091,3,0.01,1.36816,0.0,0.0,0.0,0.0,USDCAD,CHAM_ALFA_LIVE,754074359
54476151,60869197,2026-03-16 15:03:26,1773673406383,1,0,0,60869197,3,0.01,1.36813,0.0,0.0,0.0,0.0,USDCAD,CHAM2_ALFA_TREND,754074360
54476152,60869256,2026-03-16 15:03:26,1773673406385,1,0,0,60869256,3,0.01,1.36813,0.0,0.0,0.0,0.0,USDCAD,HYBRID_ALFA_GOLD,754074361
54476160,60872788,2026-03-16 15:03:29,1773673409109,1,0,0,60872788,3,0.01,1.36803,0.0,0.0,0.0,0.0,USDCAD,HYBRID_NEME_SHIE,754074396
54476336,60874487,2026-03-16 15:03:57,1773673437295,0,0,0,60874487,3,0.01,1.32846,0.0,0.0,0.0,0.0,GBPUSD,HYBRID_NEME_SHIE,754074885
54476419,60874736,2026-03-16 15:04:09,1773673449463,1,0,0,60874736,3,0.01,159.083,0.0,0.0,0.0,0.0,USDJPY,CHAM_ALFA_LIVE,754075362
54476500,60874827,2026-03-16 15:04:23,1773673463019,0,0,0,60874827,3,0.01,159.091,0.0,0.0,0.0,0.0,USDJPY,KAIDO_20R,754075791
54476501,60874843,2026-03-16 15:04:23,1773673463020,0,0,0,60874843,3,0.01,159.092,0.0,0.0,0.0,0.0,USDJPY,KAIDO_30R,754075792
54476503,60874801,2026-03-16 15:04:23,1773673463096,0,0,0,60874801,3,0.01,159.093,0.0,0.0,0.0,0.0,USDJPY,KAIDO_15R,754075797
54476504,60874765,2026-03-16 15:04:23,1773673463098,0,0,0,60874765,3,0.01,159.093,0.0,0.0,0.0,0.0,USDJPY,HYBRID_NEME_SHIE,754075796
54476627,60874995,2026-03-16 15:05:01,1773673501663,0,1,99999,60869091,3,0.01,1.36794,0.0,0.0,0.16,0.0,USDCAD,Emergency Closur,754076461
54476632,60874999,2026-03-16 15:05:02,1773673502606,0,1,99999,60869197,3,0.01,1.36793,0.0,0.0,0.15,0.0,USDCAD,Emergency Closur,754076481
54476634,60875001,2026-03-16 15:05:02,1773673502742,0,1,99999,60869256,3,0.01,1.36793,0.0,0.0,0.15,0.0,USDCAD,Emergency Closur,754076488
54476635,60875002,2026-03-16 15:05:02,1773673502850,0,1,99999,60872788,3,0.01,1.36793,0.0,0.0,0.07,0.0,USDCAD,Emergency Closur,754076492
54476637,60875004,2026-03-16 15:05:03,1773673503078,1,1,99999,60874487,3,0.01,1.32829,0.0,0.0,-0.17,0.0,GBPUSD,Emergency Closur,754076501
54476638,60875005,2026-03-16 15:05:03,1773673503238,0,1,99999,60874736,3,0.01,159.079,0.0,0.0,0.03,0.0,USDJPY,Emergency Closur,754076504
54476639,60875006,2026-03-16 15:05:03,1773673503337,1,1,99999,60874765,3,0.01,159.071,0.0,0.0,-0.14,0.0,USDJPY,Emergency Closur,754076506
54476640,60875007,2026-03-16 15:05:03,1773673503438,1,1,99999,60874801,3,0.01,159.071,0.0,0.0,-0.14,0.0,USDJPY,Emergency Closur,754076508
54476642,60875009,2026-03-16 15:05:03,1773673503537,1,1,99999,60874827,3,0.01,159.071,0.0,0.0,-0.13,0.0,USDJPY,Emergency Closur,754076513
54476643,60875010,2026-03-16 15:05:03,1773673503639,1,1,99999,60874843,3,0.01,159.071,0.0,0.0,-0.13,0.0,USDJPY,Emergency Closur,754076517
54476834,60874878,2026-03-16 15:05:42,1773673542448,0,0,0,60874878,3,0.01,159.099,0.0,0.0,0.0,0.0,USDJPY,KAIDO_TRAILING,754077387
54478528,60874469,2026-03-16 15:10:31,1773673831515,1,0,0,60874469,3,0.01,1.328,0.0,0.0,0.0,0.0,GBPUSD,CHAM_ALFA_LIVE,754084057
54478969,60874503,2026-03-16 15:12:16,1773673936107,0,0,0,60874503,3,0.01,1.32854,0.0,0.0,0.0,0.0,GBPUSD,KAIDO_15R,754086352
54479016,60874532,2026-03-16 15:12:26,1773673946346,0,0,0,60874532,3,0.01,1.32856,0.0,0.0,0.0,0.0,GBPUSD,KAIDO_20R,754086460
54479017,60874610,2026-03-16 15:12:26,1773673946348,0,0,0,60874610,3,0.01,1.32856,0.0,0.0,0.0,0.0,GBPUSD,KAIDO_TRAILING,754086461
54479018,60874567,2026-03-16 15:12:27,1773673947192,0,0,0,60874567,3,0.01,1.32858,0.0,0.0,0.0,0.0,GBPUSD,KAIDO_30R,754086473
54480524,60879057,2026-03-16 15:15:45,1773674145562,1,0,0,60879057,3,0.01,159.056,0.0,0.0,0.0,0.0,USDJPY,CHAM_ALFA_LIVE,754092393
54480565,60879072,2026-03-16 15:15:55,1773674155760,0,0,0,60879072,3,0.01,159.067,0.0,0.0,0.0,0.0,USDJPY,HYBRID_NEME_SHIE,754092637
54480595,60879024,2026-03-16 15:16:01,1773674161839,1,0,0,60879024,3,0.01,1.32821,0.0,0.0,0.0,0.0,GBPUSD,HYBRID_NEME_SHIE,754092819
54480743,60879278,2026-03-16 15:16:41,1773674201710,1,0,0,60879278,3,0.01,159.044,0.0,0.0,0.0,0.0,USDJPY,CHAM_ALFA_LIVE,754093481
54480773,60879263,2026-03-16 15:16:51,1773674211682,0,0,0,60879263,3,0.01,1.32862,0.0,0.0,0.0,0.0,GBPUSD,HYBRID_NEME_SHIE,754093551
54480826,60879147,2026-03-16 15:16:59,1773674219361,0,0,0,60879147,3,0.01,1.36808,0.0,0.0,0.0,0.0,USDCAD,HYBRID_NEME_SHIE,754093667
54481061,60879540,2026-03-16 15:17:36,1773674256134,1,0,0,60879540,3,0.01,159.041,0.0,0.0,0.0,0.0,USDJPY,CHAM_ALFA_LIVE,754094640
54481062,60879470,2026-03-16 15:17:36,1773674256380,0,0,0,60879470,3,0.01,1.32867,0.0,0.0,0.0,0.0,GBPUSD,CHAM_ALFA_LIVE,754094654
54481334,60879609,2026-03-16 15:18:00,1773674280872,0,0,0,60879609,3,0.01,159.052,0.0,0.0,0.0,0.0,USDJPY,HYBRID_NEME_SHIE,754095445
54481348,60879293,2026-03-16 15:18:02,1773674282115,0,0,0,60879293,3,0.01,159.057,0.0,0.0,0.0,0.0,USDJPY,HYBRID_NEME_SHIE,754095473
54481459,60879731,2026-03-16 15:18:14,1773674294719,0,0,0,60879731,3,0.01,1.36807,0.0,0.0,0.0,0.0,USDCAD,HYBRID_NEME_SHIE,754095778
54481604,60880176,2026-03-16 15:18:31,1773674311343,0,0,0,60880176,3,0.01,159.071,0.0,0.0,0.0,0.0,USDJPY,HYBRID_NEME_SHIE,754096168
54481977,60879324,2026-03-16 15:19:19,1773674359381,0,0,0,60879324,3,0.01,1.36823,0.0,0.0,0.0,0.0,USDCAD,CHAM2_ALFA_TREND,754097321
54482044,60880570,2026-03-16 15:19:30,1773674370123,1,0,0,60880570,3,0.01,159.072,0.0,0.0,0.0,0.0,USDJPY,CHAM_ALFA_LIVE,754097490
54482326,60880594,2026-03-16 15:19:54,1773674394638,0,0,0,60880594,3,0.01,159.083,0.0,0.0,0.0,0.0,USDJPY,HYBRID_NEME_SHIE,754098102
54482374,60880069,2026-03-16 15:20:00,1773674400635,1,0,0,60880069,3,0.01,1.32823,0.0,0.0,0.0,0.0,GBPUSD,HYBRID_NEME_SHIE,754098240
54482376,60879313,2026-03-16 15:20:01,1773674401106,0,0,0,60879313,3,0.01,1.36827,0.0,0.0,0.0,0.0,USDCAD,CHAM_ALFA_LIVE,754098248
54482377,60880260,2026-03-16 15:20:01,1773674401109,0,0,0,60880260,3,0.01,1.36826,0.0,0.0,0.0,0.0,USDCAD,CHAM2_ALFA_TREND,754098249
54482380,60879495,2026-03-16 15:20:01,1773674401153,1,0,0,60879495,3,0.01,1.32819,0.0,0.0,0.0,0.0,GBPUSD,HYBRID_NEME_SHIE,754098255
54482387,60880232,2026-03-16 15:20:02,1773674402437,0,0,0,60880232,3,0.01,1.36832,0.0,0.0,0.0,0.0,USDCAD,CHAM_ALFA_LIVE,754098286
54482482,60880532,2026-03-16 15:20:07,1773674407407,1,0,0,60880532,3,0.01,1.32817,0.0,0.0,0.0,0.0,GBPUSD,HYBRID_NEME_SHIE,754098473
54482485,60879250,2026-03-16 15:20:08,1773674408227,1,0,0,60879250,3,0.01,1.32816,0.0,0.0,0.0,0.0,GBPUSD,CHAM_ALFA_LIVE,754098489
54482757,60881121,2026-03-16 15:20:32,1773674432898,1,0,0,60881121,3,0.01,159.091,0.0,0.0,0.0,0.0,USDJPY,CHAM_ALFA_LIVE,754099281
54482898,60881559,2026-03-16 15:20:49,1773674449740,0,0,0,60881559,3,0.01,159.106,0.0,0.0,0.0,0.0,USDJPY,LHN_NEME_POLIMAT,754099729
54482903,60881149,2026-03-16 15:20:51,1773674451358,0,0,0,60881149,3,0.01,159.111,0.0,0.0,0.0,0.0,USDJPY,HYBRID_NEME_SHIE,754099740
54482972,60881588,2026-03-16 15:21:00,1773674460580,0,0,0,60881588,3,0.01,159.108,0.0,0.0,0.0,0.0,USDJPY,HYBRID_NEME_SHIE,754099965
54483195,60881424,2026-03-16 15:21:20,1773674480774,1,0,0,60881424,3,0.01,1.32802,0.0,0.0,0.0,0.0,GBPUSD,CHAM_ALFA_LIVE,754100516
54483610,60880668,2026-03-16 15:22:15,1773674535800,1,0,0,60880668,3,0.01,1.36789,0.0,0.0,0.0,0.0,USDCAD,HYBRID_NEME_SHIE,754101799
54483726,60881739,2026-03-16 15:22:27,1773674547239,1,0,0,60881739,3,0.01,1.36783,0.0,0.0,0.0,0.0,USDCAD,HYBRID_NEME_SHIE,754102064
54483879,60881574,2026-03-16 15:22:53,1773674573229,1,0,0,60881574,3,0.01,159.083,0.0,0.0,0.0,0.0,USDJPY,CHAM_ALFA_LIVE,754102487
54483896,60882625,2026-03-16 15:22:56,1773674576152,1,0,0,60882625,3,0.01,159.082,0.0,0.0,0.0,0.0,USDJPY,CHAM_ALFA_LIVE,754102520
54484047,60882786,2026-03-16 15:23:31,1773674611882,0,1,99999,60874469,3,0.01,1.32837,0.0,0.0,-0.37,0.0,GBPUSD,Emergency Closur,754103012
54484048,60882788,2026-03-16 15:23:31,1773674611984,1,1,99999,60874503,3,0.01,1.32829,0.0,0.0,-0.25,0.0,GBPUSD,Emergency Closur,754103016
54484049,60882789,2026-03-16 15:23:32,1773674612086,1,1,99999,60874532,3,0.01,1.32829,0.0,0.0,-0.27,0.0,GBPUSD,Emergency Closur,754103019
54484052,60882793,2026-03-16 15:23:32,1773674612204,1,1,99999,60874567,3,0.01,1.32829,0.0,0.0,-0.29,0.0,GBPUSD,Emergency Closur,754103022
54484054,60882794,2026-03-16 15:23:32,1773674612303,1,1,99999,60874610,3,0.01,1.32829,0.0,0.0,-0.27,0.0,GBPUSD,Emergency Closur,754103024
54484055,60882795,2026-03-16 15:23:32,1773674612405,1,1,99999,60874878,3,0.01,159.072,0.0,0.0,-0.17,0.0,USDJPY,Emergency Closur,754103026
54484057,60882796,2026-03-16 15:23:32,1773674612512,0,1,99999,60879024,3,0.01,1.32837,0.0,0.0,-0.16,0.0,GBPUSD,Emergency Closur,754103027
54484058,60882797,2026-03-16 15:23:32,1773674612636,0,1,99999,60879057,3,0.01,159.079,0.0,0.0,-0.14,0.0,USDJPY,Emergency Closur,754103029
54484059,60882798,2026-03-16 15:23:32,1773674612743,1,1,99999,60879072,3,0.01,159.072,0.0,0.0,0.03,0.0,USDJPY,Emergency Closur,754103031
54484060,60882799,2026-03-16 15:23:32,1773674612866,1,1,99999,60879147,3,0.01,1.36781,0.0,0.0,-0.2,0.0,USDCAD,Emergency Closur,754103040
54484063,60882802,2026-03-16 15:23:33,1773674613086,0,1,99999,60879250,3,0.01,1.32836,0.0,0.0,-0.2,0.0,GBPUSD,Emergency Closur,754103045
54484064,60882804,2026-03-16 15:23:33,1773674613268,1,1,99999,60879263,3,0.01,1.32828,0.0,0.0,-0.34,0.0,GBPUSD,Emergency Closur,754103049
54484065,60882806,2026-03-16 15:23:33,1773674613372,0,1,99999,60879278,3,0.01,159.079,0.0,0.0,-0.22,0.0,USDJPY,Emergency Closur,754103051
54484066,60882807,2026-03-16 15:23:33,1773674613474,1,1,99999,60879293,3,0.01,159.072,0.0,0.0,0.09,0.0,USDJPY,Emergency Closur,754103053
54484067,60882808,2026-03-16 15:23:33,1773674613587,1,1,99999,60879313,3,0.01,1.36781,0.0,0.0,-0.34,0.0,USDCAD,Emergency Closur,754103055
54484068,60882809,2026-03-16 15:23:33,1773674613696,1,1,99999,60879324,3,0.01,1.36778,0.0,0.0,-0.33,0.0,USDCAD,Emergency Closur,754103056
54484069,60880320,2026-03-16 15:23:33,1773674613786,1,0,0,60880320,3,0.01,1.36777,0.0,0.0,0.0,0.0,USDCAD,HYBRID_NEME_SHIE,754103058
54484071,60882810,2026-03-16 15:23:33,1773674613816,1,1,99999,60879470,3,0.01,1.32827,0.0,0.0,-0.4,0.0,GBPUSD,Emergency Closur,754103059
54484072,60882811,2026-03-16 15:23:33,1773674613942,0,1,99999,60879495,3,0.01,1.32837,0.0,0.0,-0.18,0.0,GBPUSD,Emergency Closur,754103061
54484074,60882813,2026-03-16 15:23:34,1773674614066,0,1,99999,60879540,3,0.01,159.079,0.0,0.0,-0.24,0.0,USDJPY,Emergency Closur,754103063
54484075,60882814,2026-03-16 15:23:34,1773674614191,1,1,99999,60879609,3,0.01,159.072,0.0,0.0,0.13,0.0,USDJPY,Emergency Closur,754103069
54484076,60882815,2026-03-16 15:23:34,1773674614295,1,1,99999,60879731,3,0.01,1.36777,0.0,0.0,-0.22,0.0,USDCAD,Emergency Closur,754103070
54484078,60882817,2026-03-16 15:23:34,1773674614404,0,1,99999,60880069,3,0.01,1.32837,0.0,0.0,-0.14,0.0,GBPUSD,Emergency Closur,754103072
54484079,60882818,2026-03-16 15:23:34,1773674614503,1,1,99999,60880176,3,0.01,159.07,0.0,0.0,-0.01,0.0,USDJPY,Emergency Closur,754103073
54484080,60882819,2026-03-16 15:23:34,1773674614611,1,1,99999,60880232,3,0.01,1.36777,0.0,0.0,-0.4,0.0,USDCAD,Emergency Closur,754103074
54484081,60882820,2026-03-16 15:23:34,1773674614712,1,1,99999,60880260,3,0.01,1.36777,0.0,0.0,-0.36,0.0,USDCAD,Emergency Closur,754103076
54484082,60882822,2026-03-16 15:23:34,1773674614814,0,1,99999,60880532,3,0.01,1.32836,0.0,0.0,-0.19,0.0,GBPUSD,Emergency Closur,754103078
54484084,60882823,2026-03-16 15:23:34,1773674614934,0,1,99999,60880570,3,0.01,159.077,0.0,0.0,-0.03,0.0,USDJPY,Emergency Closur,754103080
54484085,60882824,2026-03-16 15:23:35,1773674615070,1,1,99999,60880594,3,0.01,159.07,0.0,0.0,-0.08,0.0,USDJPY,Emergency Closur,754103082
54484086,60882825,2026-03-16 15:23:35,1773674615179,0,1,99999,60880668,3,0.01,1.36785,0.0,0.0,0.03,0.0,USDCAD,Emergency Closur,754103084
54484087,60882826,2026-03-16 15:23:35,1773674615294,0,1,99999,60881121,3,0.01,159.077,0.0,0.0,0.09,0.0,USDJPY,Emergency Closur,754103086
54484089,60882828,2026-03-16 15:23:35,1773674615404,1,1,99999,60881149,3,0.01,159.07,0.0,0.0,-0.26,0.0,USDJPY,Emergency Closur,754103088
54484090,60882829,2026-03-16 15:23:35,1773674615521,0,1,99999,60881424,3,0.01,1.32836,0.0,0.0,-0.34,0.0,GBPUSD,Emergency Closur,754103091
54484092,60882831,2026-03-16 15:23:35,1773674615645,1,1,99999,60881559,3,0.01,159.071,0.0,0.0,-0.22,0.0,USDJPY,Emergency Closur,754103094
54484093,60882832,2026-03-16 15:23:35,1773674615770,0,1,99999,60881574,3,0.01,159.078,0.0,0.0,0.03,0.0,USDJPY,Emergency Closur,754103096
54484094,60882834,2026-03-16 15:23:35,1773674615885,1,1,99999,60881588,3,0.01,159.071,0.0,0.0,-0.23,0.0,USDJPY,Emergency Closur,754103097
54484095,60882835,2026-03-16 15:23:35,1773674615996,0,1,99999,60881739,3,0.01,1.36785,0.0,0.0,-0.01,0.0,USDCAD,Emergency Closur,754103100
54484097,60882837,2026-03-16 15:23:36,1773674616103,0,1,99999,60882625,3,0.01,159.078,0.0,0.0,0.03,0.0,USDJPY,Emergency Closur,754103105
54484390,60880139,2026-03-16 15:24:15,1773674655652,1,0,0,60880139,3,0.01,159.057,0.0,0.0,0.0,0.0,USDJPY,CHAM_ALFA_LIVE,754103954
54484721,60882714,2026-03-16 15:25:05,1773674705234,0,0,0,60882714,3,0.01,1.36809,0.0,0.0,0.0,0.0,USDCAD,HYBRID_NEME_SHIE,754105024
54485392,60882696,2026-03-16 15:26:58,1773674818371,1,0,0,60882696,3,0.01,1.36761,0.0,0.0,0.0,0.0,USDCAD,CHAM2_ALFA_TREND,754107610
54486970,60872715,2026-03-16 15:30:00,1773675000735,0,0,0,60872715,3,0.01,1.36851,0.0,0.0,0.0,0.0,USDCAD,CHAM_ALFA_LIVE,754112440
54489116,60888008,2026-03-16 15:33:56,1773675236176,0,1,0,60882696,4,0.01,1.36898,0.0,0.0,-1.0,0.0,USDCAD,[sl 1.36898],754120022
54489293,60888179,2026-03-16 15:34:32,1773675272386,0,1,0,60880320,4,0.01,1.36914,0.0,0.0,-1.0,0.0,USDCAD,[sl 1.36914],754120908
54495342,60894368,2026-03-16 15:51:14,1773676274360,1,0,0,60894368,3,0.01,159.033,0.0,0.0,0.0,0.0,USDJPY,CHAM_ALFA_LIVE,754140755
54495531,60894574,2026-03-16 15:51:32,1773676292882,1,1,99999,60872715,3,0.01,1.36899,0.0,0.0,0.35,0.0,USDCAD,Emergency Closur,754141265
54495534,60894579,2026-03-16 15:51:33,1773676293066,0,1,99999,60880139,3,0.01,159.039,0.0,0.0,0.11,0.0,USDJPY,Emergency Closur,754141278
54495535,60894580,2026-03-16 15:51:33,1773676293182,1,1,99999,60882714,3,0.01,1.36899,0.0,0.0,0.66,0.0,USDCAD,Emergency Closur,754141280
54495536,60894581,2026-03-16 15:51:33,1773676293281,0,1,99999,60894368,3,0.01,159.038,0.0,0.0,-0.03,0.0,USDJPY,Emergency Closur,754141283
54495834,60894466,2026-03-16 15:51:50,1773676310432,0,0,0,60894466,3,0.01,159.046,0.0,0.0,0.0,0.0,USDJPY,HYBRID_NEME_SHIE,754142158
54496086,60894198,2026-03-16 15:52:25,1773676345388,0,0,0,60894198,3,0.01,1.32831,0.0,0.0,0.0,0.0,GBPUSD,HYBRID_NEME_SHIE,754143012
54497471,60894140,2026-03-16 15:55:35,1773676535215,1,0,0,60894140,3,0.01,1.32778,0.0,0.0,0.0,0.0,GBPUSD,CHAM_ALFA_LIVE,754147102
54523190,60922973,2026-03-16 16:46:05,1773679565611,0,1,0,60894140,4,0.01,1.33017,0.0,0.0,-2.39,0.0,GBPUSD,[sl 1.33017],754225085
54639093,61040607,2026-03-16 20:26:14,1773692774922,1,1,0,60894198,0,0.01,1.33105,0.0,0.0,2.74,0.0,GBPUSD,,754549754
54639099,61040613,2026-03-16 20:26:16,1773692776601,1,1,0,60894466,0,0.01,159.2,0.0,0.0,0.97,0.0,USDJPY,,754549769
54738547,61138197,2026-03-17 02:38:10,1773715090802,0,0,0,61138197,3,0.01,1.14987,0.0,0.0,0.0,0.0,EURUSD,HYBRID_NEME_SHIE,754789571
54738548,61138182,2026-03-17 02:38:10,1773715090804,0,0,0,61138182,3,0.01,1.14987,0.0,0.0,0.0,0.0,EURUSD,CHAM_NEME_LIVE,754789570
54763682,61168944,2026-03-17 03:56:15,1773719775633,1,0,0,61168944,3,0.01,211.926,0.0,0.0,0.0,0.0,GBPJPY,CHAM_NEME_LIVE,754847130
54763708,61168953,2026-03-17 03:56:27,1773719787288,1,0,0,61168953,3,0.01,211.93,0.0,0.0,0.0,0.0,GBPJPY,HYBRID_NEME_SHIE,754847198
54769894,61171180,2026-03-17 04:09:37,1773720577423,0,0,0,61171180,3,0.01,1.14935,0.0,0.0,0.0,0.0,EURUSD,HYBRID_NEME_SHIE,754862512
54769899,61170722,2026-03-17 04:09:37,1773720577863,0,0,0,61170722,3,0.01,1.14937,0.0,0.0,0.0,0.0,EURUSD,CHAM_NEME_LIVE,754862522
54770522,61171299,2026-03-17 04:11:15,1773720675124,1,0,0,61171299,3,0.01,0.78821,0.0,0.0,0.0,0.0,USDCHF,HYBRID_NEME_SHIE,754864147
54770523,61171262,2026-03-17 04:11:15,1773720675127,1,0,0,61171262,3,0.01,0.78821,0.0,0.0,0.0,0.0,USDCHF,CHAM_NEME_LIVE,754864146
54773044,61178597,2026-03-17 04:17:34,1773721054187,1,1,99999,61138182,3,0.01,1.14897,0.0,0.0,-0.9,0.0,EURUSD,Emergency Closur,754870401
54773045,61178598,2026-03-17 04:17:34,1773721054298,1,1,99999,61138197,3,0.01,1.14897,0.0,0.0,-0.9,0.0,EURUSD,Emergency Closur,754870402
54773046,61178599,2026-03-17 04:17:34,1773721054402,0,1,99999,61168944,3,0.01,211.979,0.0,0.0,-0.33,0.0,GBPJPY,Emergency Closur,754870403
54773047,61178600,2026-03-17 04:17:34,1773721054504,0,1,99999,61168953,3,0.01,211.979,0.0,0.0,-0.31,0.0,GBPJPY,Emergency Closur,754870404
54773049,61178602,2026-03-17 04:17:34,1773721054610,1,1,99999,61170722,3,0.01,1.14897,0.0,0.0,-0.4,0.0,EURUSD,Emergency Closur,754870406
54773050,61178605,2026-03-17 04:17:34,1773721054726,1,1,99999,61171180,3,0.01,1.14898,0.0,0.0,-0.37,0.0,EURUSD,Emergency Closur,754870409
54773052,61178607,2026-03-17 04:17:34,1773721054894,0,1,99999,61171262,3,0.01,0.78871,0.0,0.0,-0.63,0.0,USDCHF,Emergency Closur,754870414
54773053,61178608,2026-03-17 04:17:35,1773721055005,0,1,99999,61171299,3,0.01,0.78871,0.0,0.0,-0.63,0.0,USDCHF,Emergency Closur,754870417
54781610,61187439,2026-03-17 04:49:54,1773722994126,1,0,0,61187439,3,0.01,212.045,0.0,0.0,0.0,0.0,GBPJPY,CHAM_NEME_LIVE,754891042
54835666,61243335,2026-03-17 08:51:09,1773737469689,0,1,99999,61187439,3,0.01,211.903,0.0,0.0,0.89,0.0,GBPJPY,Emergency Closur,755078126
54835762,61243424,2026-03-17 08:51:38,1773737498289,1,0,0,61243424,3,0.01,159.387,0.0,0.0,0.0,0.0,USDJPY,CHAM_NEME_LIVE,755078515
54851457,61243433,2026-03-17 09:31:19,1773739879206,1,0,0,61243433,3,0.01,159.386,0.0,0.0,0.0,0.0,USDJPY,HYBRID_NEME_SHIE,755138256
54854806,61262928,2026-03-17 09:46:48,1773740808505,0,1,99999,61243424,3,0.01,159.385,0.0,0.0,0.01,0.0,USDJPY,Emergency Closur,755149281
54854807,61262929,2026-03-17 09:46:48,1773740808617,0,1,99999,61243433,3,0.01,159.386,0.0,0.0,0.0,0.0,USDJPY,Emergency Closur,755149282
54857841,61243369,2026-03-17 10:03:08,1773741788700,0,0,0,61243369,3,0.01,1.14848,0.0,0.0,0.0,0.0,EURUSD,HYBRID_NEME_SHIE,755160889
54857842,61243349,2026-03-17 10:03:08,1773741788704,0,0,0,61243349,3,0.01,1.14848,0.0,0.0,0.0,0.0,EURUSD,CHAM_NEME_LIVE,755160888
54859215,61243413,2026-03-17 10:11:48,1773742308577,0,0,0,61243413,3,0.01,1.32962,0.0,0.0,0.0,0.0,GBPUSD,HYBRID_NEME_SHIE,755166932
54859359,61243406,2026-03-17 10:13:02,1773742382144,0,0,0,61243406,3,0.01,1.32966,0.0,0.0,0.0,0.0,GBPUSD,CHAM_NEME_LIVE,755167619
54884316,61293700,2026-03-17 11:48:34,1773748114983,1,1,0,61243369,5,0.01,1.15129,0.0,0.0,2.81,0.0,EURUSD,[tp 1.15129],755264586
54884317,61293699,2026-03-17 11:48:34,1773748114984,1,1,0,61243349,5,0.01,1.15129,0.0,0.0,2.81,0.0,EURUSD,[tp 1.15129],755264585
54894765,61304520,2026-03-17 12:25:59,1773750359299,1,1,0,61243406,0,0.01,1.33336,0.0,0.0,3.7,0.0,GBPUSD,,755301589
54894790,61304544,2026-03-17 12:26:01,1773750361150,1,1,0,61243413,0,0.01,1.33342,0.0,0.0,3.8,0.0,GBPUSD,,755301650
54900799,61310537,2026-03-17 12:45:58,1773751558329,1,0,0,61310537,3,0.01,212.171,0.0,0.0,0.0,0.0,GBPJPY,CHAM_NEME_LIVE,755324571
54900800,61310545,2026-03-17 12:45:58,1773751558336,1,0,0,61310545,3,0.01,212.171,0.0,0.0,0.0,0.0,GBPJPY,HYBRID_NEME_SHIE,755324572
54912174,61310494,2026-03-17 13:17:11,1773753431459,1,0,0,61310494,3,0.01,0.58372,0.0,0.0,0.0,0.0,NZDUSD,HYBRID_NEME_SHIE,755365864
54912196,61310485,2026-03-17 13:17:18,1773753438173,1,0,0,61310485,3,0.01,0.5837,0.0,0.0,0.0,0.0,NZDUSD,CHAM_NEME_LIVE,755366030
54947258,61358319,2026-03-17 15:04:37,1773759877777,0,1,0,61310545,0,0.01,211.891,0.0,0.0,1.76,0.0,GBPJPY,,755480153
54947266,61358329,2026-03-17 15:04:39,1773759879226,0,1,0,61310537,0,0.01,211.898,0.0,0.0,1.72,0.0,GBPJPY,,755480188
54947275,61358338,2026-03-17 15:04:40,1773759880062,0,1,0,61310494,0,0.01,0.5843,0.0,0.0,-0.58,0.0,NZDUSD,,755480237
54947287,61358349,2026-03-17 15:04:40,1773759880788,0,1,0,61310485,0,0.01,0.5843,0.0,0.0,-0.6,0.0,NZDUSD,,755480261
54947470,61358375,2026-03-17 15:05:09,1773759909754,1,0,0,61358375,3,0.01,1.37036,0.0,0.0,0.0,0.0,USDCAD,CHAM_ALFA_LIVE,755481182
54947472,61358430,2026-03-17 15:05:09,1773759909826,1,0,0,61358430,3,0.01,1.37033,0.0,0.0,0.0,0.0,USDCAD,CHAM2_ALFA_TREND,755481184
54947481,61358384,2026-03-17 15:05:11,1773759911316,1,0,0,61358384,3,0.01,1.3703,0.0,0.0,0.0,0.0,USDCAD,CHAM_ALFA_LIVE,755481229
54947482,61358416,2026-03-17 15:05:11,1773759911316,1,0,0,61358416,3,0.01,1.37031,0.0,0.0,0.0,0.0,USDCAD,CHAM2_ALFA_TREND,755481230
54955997,61358441,2026-03-17 15:27:54,1773761274784,0,0,0,61358441,3,0.01,1.37076,0.0,0.0,0.0,0.0,USDCAD,HYBRID_NEME_SHIE,755510520
54955998,61358449,2026-03-17 15:27:54,1773761274785,0,0,0,61358449,3,0.01,1.37076,0.0,0.0,0.0,0.0,USDCAD,HYBRID_NEME_SHIE,755510521
54978527,61390399,2026-03-17 16:20:34,1773764434342,1,1,0,61358449,4,0.01,1.36948,0.0,0.0,-0.93,0.0,USDCAD,[sl 1.36948],755588983
54978528,61390398,2026-03-17 16:20:34,1773764434343,1,1,0,61358441,4,0.01,1.36948,0.0,0.0,-0.93,0.0,USDCAD,[sl 1.36948],755588982
55005453,61417799,2026-03-17 17:06:17,1773767177380,0,1,0,61358375,5,0.01,1.36843,0.0,0.0,1.41,0.0,USDCAD,[tp 1.36843],755671833
55005454,61417800,2026-03-17 17:06:17,1773767177380,0,1,0,61358430,5,0.01,1.3684,0.0,0.0,1.41,0.0,USDCAD,[tp 1.36840],755671834
55005456,61417803,2026-03-17 17:06:17,1773767177545,0,1,0,61358416,5,0.01,1.36838,0.0,0.0,1.41,0.0,USDCAD,[tp 1.36838],755671847
55005457,61417802,2026-03-17 17:06:17,1773767177545,0,1,0,61358384,5,0.01,1.36837,0.0,0.0,1.41,0.0,USDCAD,[tp 1.36837],755671846
55006537,61417939,2026-03-17 17:08:25,1773767305901,1,0,0,61417939,3,0.01,1.36813,0.0,0.0,0.0,0.0,USDCAD,CHAM2_ALFA_TREND,755674740
55006571,61417917,2026-03-17 17:08:27,1773767307276,1,0,0,61417917,3,0.01,1.36809,0.0,0.0,0.0,0.0,USDCAD,CHAM2_ALFA_TREND,755674885
55008585,61417899,2026-03-17 17:11:30,1773767490397,0,0,0,61417899,3,0.01,1.36856,0.0,0.0,0.0,0.0,USDCAD,LHN_NEME_POLIMAT,755679381
55008587,61417908,2026-03-17 17:11:30,1773767490481,0,0,0,61417908,3,0.01,1.36857,0.0,0.0,0.0,0.0,USDCAD,LHN_NEME_POLIMAT,755679387
55011430,61417942,2026-03-17 17:17:48,1773767868206,0,0,0,61417942,3,0.01,1.36861,0.0,0.0,0.0,0.0,USDCAD,HYBRID_NEME_SHIE,755686560
55011460,61417984,2026-03-17 17:17:49,1773767869597,0,0,0,61417984,3,0.01,1.36862,0.0,0.0,0.0,0.0,USDCAD,HYBRID_NEME_SHIE,755686641
55029079,61441836,2026-03-17 17:52:19,1773769939574,0,1,0,61417917,4,0.01,1.36972,0.0,0.0,-1.19,0.0,USDCAD,[sl 1.36972],755734917
55030309,61443073,2026-03-17 17:54:49,1773770089195,0,1,0,61417939,4,0.01,1.36977,0.0,0.0,-1.2,0.0,USDCAD,[sl 1.36977],755740248
55037728,61450823,2026-03-17 18:10:24,1773771024551,1,1,0,61417908,5,0.01,1.37102,0.0,0.0,1.79,0.0,USDCAD,[tp 1.37102],755760630
55037729,61450822,2026-03-17 18:10:24,1773771024555,1,1,0,61417899,5,0.01,1.37101,0.0,0.0,1.79,0.0,USDCAD,[tp 1.37101],755760629
55037734,61450828,2026-03-17 18:10:25,1773771025047,1,1,0,61417984,5,0.01,1.37107,0.0,0.0,1.79,0.0,USDCAD,[tp 1.37107],755760650
55037735,61450827,2026-03-17 18:10:25,1773771025052,1,1,0,61417942,5,0.01,1.37106,0.0,0.0,1.79,0.0,USDCAD,[tp 1.37106],755760649
55037861,61450844,2026-03-17 18:10:52,1773771052823,0,0,0,61450844,3,0.01,1.3714,0.0,0.0,0.0,0.0,USDCAD,CHAM2_ALFA_TREND,755761121
55037862,61450857,2026-03-17 18:10:52,1773771052828,0,0,0,61450857,3,0.01,1.37142,0.0,0.0,0.0,0.0,USDCAD,CHAM2_ALFA_TREND,755761122
55040037,61450887,2026-03-17 18:16:58,1773771418326,1,0,0,61450887,3,0.01,1.37093,0.0,0.0,0.0,0.0,USDCAD,HYBRID_NEME_SHIE,755768024
55040573,61450889,2026-03-17 18:18:35,1773771515963,1,0,0,61450889,3,0.01,1.37089,0.0,0.0,0.0,0.0,USDCAD,HYBRID_NEME_SHIE,755769719
55091008,61504631,2026-03-17 20:05:07,1773777907663,1,1,0,61450857,4,0.01,1.36959,0.0,0.0,-1.34,0.0,USDCAD,[sl 1.36959],755925048
55091009,61504632,2026-03-17 20:05:07,1773777907736,1,1,0,61450844,4,0.01,1.36957,0.0,0.0,-1.34,0.0,USDCAD,[sl 1.36957],755925050
55169996,61586069,2026-03-18 02:29:20,1773800960099,0,1,0,61450889,0,0.01,1.36939,0.0,-0.05,1.1,0.0,USDCAD,,756111184
55169998,61586071,2026-03-18 02:29:21,1773800961353,0,1,0,61450887,0,0.01,1.36941,0.0,-0.05,1.11,0.0,USDCAD,,756111190
55170055,61586128,2026-03-18 02:29:38,1773800978586,0,0,0,61586128,3,0.01,1.97017,0.0,0.0,0.0,0.0,EURNZD,CHAM2_ALFA_TREND,756111266
55170059,61586134,2026-03-18 02:29:39,1773800979999,1,0,0,61586134,3,0.01,1.96999,0.0,0.0,0.0,0.0,EURNZD,HYBRID_NEME_SHIE,756111273
55170106,61586107,2026-03-18 02:30:00,1773801000451,1,0,0,61586107,3,0.01,1.96997,0.0,0.0,0.0,0.0,EURNZD,CHAM_NEME_LIVE,756111355
55170107,61586115,2026-03-18 02:30:00,1773801000456,1,0,0,61586115,3,0.01,1.96997,0.0,0.0,0.0,0.0,EURNZD,CHAM_NEME_LIVE,756111356
55170108,61586133,2026-03-18 02:30:00,1773801000460,1,0,0,61586133,3,0.01,1.96997,0.0,0.0,0.0,0.0,EURNZD,HYBRID_NEME_SHIE,756111357
55170730,61586127,2026-03-18 02:31:29,1773801089522,0,0,0,61586127,3,0.01,1.97019,0.0,0.0,0.0,0.0,EURNZD,CHAM2_ALFA_TREND,756112493
55193846,61611020,2026-03-18 04:01:31,1773806491982,1,1,0,61586127,4,0.01,1.96733,0.0,0.0,-1.6800000000000002,0.0,EURNZD,[sl 1.96733],756164407
55193847,61611021,2026-03-18 04:01:32,1773806492278,1,1,0,61586128,4,0.01,1.96731,0.0,0.0,-1.6800000000000002,0.0,EURNZD,[sl 1.96731],756164410
55197170,61614321,2026-03-18 04:05:21,1773806721516,0,1,0,61586134,5,0.01,1.96713,0.0,0.0,1.6800000000000002,0.0,EURNZD,[tp 1.96713],756171856
55197177,61614329,2026-03-18 04:05:21,1773806721804,0,1,0,61586115,5,0.01,1.96711,0.0,0.0,1.6800000000000002,0.0,EURNZD,[tp 1.96711],756171871
55197178,61614328,2026-03-18 04:05:21,1773806721804,0,1,0,61586107,5,0.01,1.96711,0.0,0.0,1.6800000000000002,0.0,EURNZD,[tp 1.96711],756171870
55197179,61614330,2026-03-18 04:05:21,1773806721811,0,1,0,61586133,5,0.01,1.96711,0.0,0.0,1.6800000000000002,0.0,EURNZD,[tp 1.96711],756171872
55197358,61614494,2026-03-18 04:05:39,1773806739155,1,0,0,61614494,3,0.01,113.144,0.0,0.0,0.0,0.0,AUDJPY,CHAM_NEME_LIVE,756172251
55197398,61614542,2026-03-18 04:05:51,1773806751615,1,0,0,61614542,3,0.01,113.144,0.0,0.0,0.0,0.0,AUDJPY,HYBRID_NEME_SHIE,756172357
55197399,61614510,2026-03-18 04:05:51,1773806751615,1,0,0,61614510,3,0.01,113.141,0.0,0.0,0.0,0.0,AUDJPY,CHAM_NEME_LIVE,756172354
55197400,61614519,2026-03-18 04:05:51,1773806751619,1,0,0,61614519,3,0.01,113.143,0.0,0.0,0.0,0.0,AUDJPY,CHAM2_NEME_KILLE,756172355
55197401,61614545,2026-03-18 04:05:51,1773806751621,1,0,0,61614545,3,0.01,113.144,0.0,0.0,0.0,0.0,AUDJPY,HYBRID_NEME_SHIE,756172358
55197402,61614528,2026-03-18 04:05:51,1773806751621,1,0,0,61614528,3,0.01,113.143,0.0,0.0,0.0,0.0,AUDJPY,CHAM2_NEME_KILLE,756172356
55198008,61614473,2026-03-18 04:07:12,1773806832540,1,0,0,61614473,3,0.01,0.71147,0.0,0.0,0.0,0.0,AUDUSD,HYBRID_NEME_SHIE,756173691
55198009,61614464,2026-03-18 04:07:12,1773806832546,1,0,0,61614464,3,0.01,0.71149,0.0,0.0,0.0,0.0,AUDUSD,HYBRID_NEME_SHIE,756173690
55198014,61614447,2026-03-18 04:07:14,1773806834197,1,0,0,61614447,3,0.01,0.71145,0.0,0.0,0.0,0.0,AUDUSD,CHAM_NEME_LIVE,756173715
55198015,61614423,2026-03-18 04:07:14,1773806834199,1,0,0,61614423,3,0.01,0.71144,0.0,0.0,0.0,0.0,AUDUSD,CHAM_NEME_LIVE,756173714
55337640,61759448,2026-03-18 13:10:36,1773839436317,0,1,0,61614494,0,0.01,113.056,0.0,0.0,0.55,0.0,AUDJPY,,756635501
55337641,61759449,2026-03-18 13:10:36,1773839436774,0,1,0,61614510,0,0.01,113.056,0.0,0.0,0.53,0.0,AUDJPY,,756635505
55337665,61759477,2026-03-18 13:10:46,1773839446154,0,1,0,61614464,0,0.01,0.71122,0.0,0.0,0.27,0.0,AUDUSD,,756635573
55337667,61759479,2026-03-18 13:10:46,1773839446716,0,1,0,61614473,0,0.01,0.71122,0.0,0.0,0.25,0.0,AUDUSD,,756635578
55337671,61759481,2026-03-18 13:10:47,1773839447383,0,1,0,61614545,0,0.01,113.052,0.0,0.0,0.58,0.0,AUDJPY,,756635583
55337675,61759485,2026-03-18 13:10:48,1773839448429,0,1,0,61614528,0,0.01,113.052,0.0,0.0,0.57,0.0,AUDJPY,,756635590
55337676,61759486,2026-03-18 13:10:48,1773839448848,0,1,0,61614519,0,0.01,113.052,0.0,0.0,0.57,0.0,AUDJPY,,756635593
55337677,61759487,2026-03-18 13:10:50,1773839450013,0,1,0,61614542,0,0.01,113.052,0.0,0.0,0.58,0.0,AUDJPY,,756635598
55337679,61759489,2026-03-18 13:10:50,1773839450791,0,1,0,61614447,0,0.01,0.71122,0.0,0.0,0.23,0.0,AUDUSD,,756635603
55337681,61759491,2026-03-18 13:10:52,1773839452245,0,1,0,61614423,0,0.01,0.71122,0.0,0.0,0.22,0.0,AUDUSD,,756635612
55337726,61759532,2026-03-18 13:11:17,1773839477956,1,0,0,61759532,3,0.01,183.507,0.0,0.0,0.0,0.0,EURJPY,CHAM_NEME_LIVE,756635761
55337727,61759539,2026-03-18 13:11:17,1773839477956,1,0,0,61759539,3,0.01,183.507,0.0,0.0,0.0,0.0,EURJPY,HYBRID_NEME_SHIE,756635763
55337728,61759534,2026-03-18 13:11:17,1773839477957,1,0,0,61759534,3,0.01,183.507,0.0,0.0,0.0,0.0,EURJPY,HYBRID_NEME_SHIE,756635762
55338100,61759566,2026-03-18 13:13:02,1773839582062,1,0,0,61759566,3,0.01,183.507,0.0,0.0,0.0,0.0,EURJPY,HYBRID_NEME_SHIE,756637661
55338116,61759527,2026-03-18 13:13:06,1773839586977,1,0,0,61759527,3,0.01,183.506,0.0,0.0,0.0,0.0,EURJPY,CHAM_NEME_LIVE,756637743
55338117,61759552,2026-03-18 13:13:06,1773839586978,1,0,0,61759552,3,0.01,183.506,0.0,0.0,0.0,0.0,EURJPY,CHAM_NEME_LIVE,756637744
55339534,61759506,2026-03-18 13:18:18,1773839898450,1,0,0,61759506,3,0.01,1.15407,0.0,0.0,0.0,0.0,EURUSD,HYBRID_NEME_SHIE,756644515
55339535,61759504,2026-03-18 13:18:18,1773839898451,1,0,0,61759504,3,0.01,1.15407,0.0,0.0,0.0,0.0,EURUSD,CHAM_NEME_LIVE,756644514
55339536,61759498,2026-03-18 13:18:18,1773839898453,1,0,0,61759498,3,0.01,1.15407,0.0,0.0,0.0,0.0,EURUSD,CHAM_NEME_LIVE,756644513
55339680,61759510,2026-03-18 13:18:57,1773839937652,1,0,0,61759510,3,0.01,1.15403,0.0,0.0,0.0,0.0,EURUSD,HYBRID_NEME_SHIE,756645416
55377307,61799089,2026-03-18 14:19:54,1773843594802,0,1,0,61759506,4,0.01,1.15549,0.0,0.0,-1.42,0.0,EURUSD,[sl 1.15549],756758403
55377310,61799090,2026-03-18 14:19:54,1773843594809,0,1,0,61759510,4,0.01,1.15545,0.0,0.0,-1.42,0.0,EURUSD,[sl 1.15545],756758404
55377313,61799087,2026-03-18 14:19:54,1773843594811,0,1,0,61759498,4,0.01,1.15549,0.0,0.0,-1.42,0.0,EURUSD,[sl 1.15549],756758401
55377314,61799088,2026-03-18 14:19:54,1773843594814,0,1,0,61759504,4,0.01,1.15549,0.0,0.0,-1.42,0.0,EURUSD,[sl 1.15549],756758402
55504034,61926410,2026-03-18 17:05:11,1773853511734,0,1,0,61759552,4,0.01,183.787,0.0,0.0,-1.76,0.0,EURJPY,[sl 183.787],757133947
55504035,61926409,2026-03-18 17:05:11,1773853511737,0,1,0,61759527,4,0.01,183.787,0.0,0.0,-1.76,0.0,EURJPY,[sl 183.787],757133946
55504039,61926417,2026-03-18 17:05:12,1773853512169,0,1,0,61759566,4,0.01,183.788,0.0,0.0,-1.76,0.0,EURJPY,[sl 183.788],757133970
55504040,61926416,2026-03-18 17:05:12,1773853512173,0,1,0,61759539,4,0.01,183.788,0.0,0.0,-1.76,0.0,EURJPY,[sl 183.788],757133969
55504041,61926414,2026-03-18 17:05:12,1773853512176,0,1,0,61759532,4,0.01,183.788,0.0,0.0,-1.76,0.0,EURJPY,[sl 183.788],757133967
55504042,61926415,2026-03-18 17:05:12,1773853512178,0,1,0,61759534,4,0.01,183.788,0.0,0.0,-1.76,0.0,EURJPY,[sl 183.788],757133968
55505046,61927424,2026-03-18 17:05:28,1773853528837,1,0,0,61927424,3,0.01,4887.68,0.0,0.0,0.0,0.0,XAUUSD,HYBRID_NEME_SHIE,757138108
55505047,61927350,2026-03-18 17:05:28,1773853528985,0,0,0,61927350,3,0.01,112.787,0.0,0.0,0.0,0.0,AUDJPY,HYBRID_NEME_SHIE,757138115
55505048,61927351,2026-03-18 17:05:28,1773853528989,0,0,0,61927351,3,0.01,112.787,0.0,0.0,0.0,0.0,AUDJPY,HYBRID_NEME_SHIE,757138117
55505269,61927209,2026-03-18 17:05:45,1773853545401,0,0,0,61927209,3,0.01,112.793,0.0,0.0,0.0,0.0,AUDJPY,CHAM2_NEME_KILLE,757138967
55506642,61927406,2026-03-18 17:07:32,1773853652294,1,0,0,61927406,3,0.01,4887.28,0.0,0.0,0.0,0.0,XAUUSD,HYBRID_NEME_SHIE,757144654
55614833,62039029,2026-03-18 21:19:04,1773868744128,0,1,0,61927406,0,0.01,4885.44,0.0,0.0,1.8399999999999999,0.0,XAUUSD,,757457301
55614840,62039036,2026-03-18 21:19:06,1773868746087,1,1,0,61927209,0,0.01,112.809,0.0,0.0,0.1,0.0,AUDJPY,,757457319
55614889,62039087,2026-03-18 21:19:15,1773868755735,1,1,0,61927351,0,0.01,112.805,0.0,0.0,0.11,0.0,AUDJPY,,757457435
55614938,62039137,2026-03-18 21:19:24,1773868764718,1,1,0,61927350,0,0.01,112.797,0.0,0.0,0.06,0.0,AUDJPY,,757457528
55615099,62039295,2026-03-18 21:20:00,1773868800258,0,1,0,61927424,0,0.01,4884.9,0.0,0.0,2.7800000000000002,0.0,XAUUSD,,757457908
55615115,62039319,2026-03-18 21:20:05,1773868805842,0,0,0,62039319,3,0.01,112.814,0.0,0.0,0.0,0.0,AUDJPY,LHN_NEME_POLIMAT,757458016
55615205,62039386,2026-03-18 21:20:16,1773868816941,0,0,0,62039386,3,0.01,112.816,0.0,0.0,0.0,0.0,AUDJPY,CHAM2_NEME_KILLE,757458193
55615206,62039403,2026-03-18 21:20:16,1773868816943,0,0,0,62039403,3,0.01,112.815,0.0,0.0,0.0,0.0,AUDJPY,HYBRID_NEME_SHIE,757458194
55650576,62074911,2026-03-18 22:23:14,1773872594083,1,1,0,62039386,4,0.01,112.566,0.0,0.0,-1.56,0.0,AUDJPY,[sl 112.566],757543187
55650577,62074912,2026-03-18 22:23:14,1773872594084,1,1,0,62039403,4,0.01,112.565,0.0,0.0,-1.56,0.0,AUDJPY,[sl 112.565],757543188
55650578,62074913,2026-03-18 22:23:14,1773872594286,1,1,0,62039319,4,0.01,112.564,0.0,0.0,-1.56,0.0,AUDJPY,[sl 112.564],757543193
55650788,62075083,2026-03-18 22:23:26,1773872606572,0,0,0,62075083,3,0.01,201.689,0.0,0.0,0.0,0.0,CHFJPY,HYBRID_NEME_SHIE,757543790
55651045,62074993,2026-03-18 22:23:43,1773872623695,0,0,0,62074993,3,0.01,112.575,0.0,0.0,0.0,0.0,AUDJPY,HYBRID_NEME_SHIE,757544503
55651150,62074953,2026-03-18 22:23:48,1773872628362,0,0,0,62074953,3,0.01,112.584,0.0,0.0,0.0,0.0,AUDJPY,CHAM2_NEME_KILLE,757544755
55651330,62075053,2026-03-18 22:24:00,1773872640446,1,0,0,62075053,3,0.01,159.763,0.0,0.0,0.0,0.0,USDJPY,HYBRID_NEME_SHIE,757545254
55653941,62074972,2026-03-18 22:30:22,1773873022667,0,0,0,62074972,3,0.01,1.32878,0.0,0.0,0.0,0.0,GBPUSD,HYBRID_NEME_SHIE,757551500
55677471,62101618,2026-03-18 23:17:36,1773875856281,1,1,0,62074953,4,0.01,112.319,0.0,0.0,-1.6600000000000001,0.0,AUDJPY,[sl 112.319],757608501
55678394,62102524,2026-03-18 23:19:52,1773875992387,1,1,0,62074993,4,0.01,112.31,0.0,0.0,-1.6600000000000001,0.0,AUDJPY,[sl 112.310],757610478
55691396,62115563,2026-03-19 00:14:53,1773879293465,1,1,0,62075083,4,0.01,201.312,0.0,-0.7,-2.36,0.0,CHFJPY,[sl 201.312],757648126
55691706,62115857,2026-03-19 00:21:02,1773879662938,1,1,0,62074972,4,0.01,1.32506,0.0,-0.03,-3.7199999999999998,0.0,GBPUSD,[sl 1.32506],757648659
55729881,62155010,2026-03-19 02:43:32,1773888212971,0,1,0,62075053,0,0.01,159.789,0.0,-0.34,-0.16,0.0,USDJPY,,757728358
55729924,62155055,2026-03-19 02:43:48,1773888228093,0,0,0,62155055,3,0.01,1.9787,0.0,0.0,0.0,0.0,EURNZD,CHAM_NEME_LIVE,757728451
55729969,62155102,2026-03-19 02:43:59,1773888239920,0,0,0,62155102,3,0.01,1.97865,0.0,0.0,0.0,0.0,EURNZD,HYBRID_NEME_SHIE,757728525
55729970,62155101,2026-03-19 02:43:59,1773888239928,0,0,0,62155101,3,0.01,1.97865,0.0,0.0,0.0,0.0,EURNZD,HYBRID_NEME_SHIE,757728524
55729971,62155066,2026-03-19 02:44:00,1773888240320,1,0,0,62155066,3,0.01,1.97845,0.0,0.0,0.0,0.0,EURNZD,CHAM2_ALFA_TREND,757728527
55729972,62155080,2026-03-19 02:44:00,1773888240321,1,0,0,62155080,3,0.01,1.97845,0.0,0.0,0.0,0.0,EURNZD,CHAM2_ALFA_TREND,757728528
55736491,62161867,2026-03-19 03:03:45,1773889425497,1,1,0,62155101,0,0.01,1.9775,0.0,0.0,-0.67,0.0,EURNZD,,757742441
55736514,62161889,2026-03-19 03:03:48,1773889428905,0,1,0,62155066,0,0.01,1.97769,0.0,0.0,0.44,0.0,EURNZD,,757742480
55736528,62161904,2026-03-19 03:03:51,1773889431685,1,1,0,62155102,0,0.01,1.97752,0.0,0.0,-0.66,0.0,EURNZD,,757742501
55736543,62161919,2026-03-19 03:03:55,1773889435513,1,1,0,62155055,0,0.01,1.97742,0.0,0.0,-0.74,0.0,EURNZD,,757742557
55736566,62161942,2026-03-19 03:04:02,1773889442914,0,1,0,62155080,0,0.01,1.97763,0.0,0.0,0.48,0.0,EURNZD,,757742603
55738675,62163874,2026-03-19 03:10:52,1773889852977,1,0,0,62163874,3,0.01,1.32679,0.0,0.0,0.0,0.0,GBPUSD,CHAM_NEME_LIVE,757747335
55738750,62163957,2026-03-19 03:10:55,1773889855798,1,0,0,62163957,3,0.01,0.7036,0.0,0.0,0.0,0.0,AUDUSD,HYBRID_NEME_SHIE,757747504
55978065,62409046,2026-03-19 15:00:03,1773932403506,0,1,0,62163874,4,0.01,1.33101,0.0,0.0,-4.22,0.0,GBPUSD,[sl 1.33058],758513926
55983649,62414598,2026-03-19 15:07:04,1773932824807,0,1,0,62163957,0,0.01,0.70371,0.0,0.0,-0.11,0.0,AUDUSD,,758531622
55984824,62415693,2026-03-19 15:09:10,1773932950933,1,0,0,62415693,3,0.01,159.023,0.0,0.0,0.0,0.0,USDJPY,CHAM_ALFA_LIVE,758535401
55984825,62415520,2026-03-19 15:09:11,1773932951701,0,0,0,62415520,3,0.01,1.14796,0.0,0.0,0.0,0.0,EURUSD,CHAM_ALFA_LIVE,758535425
55984917,62415820,2026-03-19 15:09:25,1773932965624,1,0,0,62415820,3,0.01,0.70363,0.0,0.0,0.0,0.0,AUDUSD,CHAM_ALFA_LIVE,758535783
55985332,62416001,2026-03-19 15:09:53,1773932993543,0,0,0,62416001,3,0.01,0.70395,0.0,0.0,0.0,0.0,AUDUSD,HYBRID_NEME_SHIE,758537056
55985780,62415632,2026-03-19 15:10:37,1773933037743,1,0,0,62415632,3,0.01,1.3298,0.0,0.0,0.0,0.0,GBPUSD,HYBRID_NEME_SHIE,758538494
55985785,62415551,2026-03-19 15:10:38,1773933038091,1,0,0,62415551,3,0.01,1.14749,0.0,0.0,0.0,0.0,EURUSD,HYBRID_NEME_SHIE,758538503
55996041,62426865,2026-03-19 15:26:08,1773933968530,1,1,0,62416001,4,0.01,0.70171,0.0,0.0,-2.24,0.0,AUDUSD,[sl 0.70171],758571752
56028234,62459325,2026-03-19 16:09:34,1773936574092,0,1,0,62415820,5,0.01,0.70026,0.0,0.0,3.37,0.0,AUDUSD,[tp 0.70026],758694351
56035461,62466520,2026-03-19 16:19:17,1773937157095,0,1,0,62415551,4,0.01,1.14975,0.0,0.0,-2.26,0.0,EURUSD,[sl 1.14975],758725182
56052635,62483797,2026-03-19 16:48:14,1773938894768,0,1,0,62415693,5,0.01,158.599,0.0,0.0,2.67,0.0,USDJPY,[tp 158.599],758781798
56052999,62484162,2026-03-19 16:49:00,1773938940306,0,0,0,62484162,3,0.01,211.069,0.0,0.0,0.0,0.0,GBPJPY,HYBRID_NEME_SHIE,758782966
56053331,62483876,2026-03-19 16:49:34,1773938974341,1,0,0,62483876,3,0.01,158.537,0.0,0.0,0.0,0.0,USDJPY,HYBRID_ALFA_GOLD,758784013
56053424,62483909,2026-03-19 16:49:41,1773938981132,0,0,0,62483909,3,0.01,0.70193,0.0,0.0,0.0,0.0,AUDUSD,HYBRID_NEME_SHIE,758784274
56054318,62485473,2026-03-19 16:50:56,1773939056282,0,1,0,62415632,4,0.01,1.3326,0.0,0.0,-2.8,0.0,GBPUSD,[sl 1.33260],758788648
56055150,62484121,2026-03-19 16:52:33,1773939153129,0,0,0,62484121,3,0.01,1.37346,0.0,0.0,0.0,0.0,USDCAD,HYBRID_ALFA_GOLD,758791831
56055167,62484084,2026-03-19 16:52:35,1773939155154,0,0,0,62484084,3,0.01,1.37353,0.0,0.0,0.0,0.0,USDCAD,CHAM2_ALFA_TREND,758791875
56056573,62487674,2026-03-19 16:54:27,1773939267153,1,1,0,62415520,5,0.01,1.15135,0.0,0.0,3.39,0.0,EURUSD,[tp 1.15135],758796908
56057881,62488972,2026-03-19 16:56:09,1773939369181,1,1,0,62484084,4,0.01,1.37171,0.0,0.0,-1.33,0.0,USDCAD,[sl 1.37171],758801398
56057950,62489036,2026-03-19 16:56:11,1773939371761,1,1,0,62484121,4,0.01,1.37164,0.0,0.0,-1.33,0.0,USDCAD,[sl 1.37164],758801685
56097097,62528706,2026-03-19 18:05:59,1773943559452,1,1,0,62483909,5,0.01,0.7059,0.0,0.0,3.9699999999999998,0.0,AUDUSD,[tp 0.70590],758927514
56097709,62529092,2026-03-19 18:06:53,1773943613612,1,0,0,62529092,3,0.01,0.86168,0.0,0.0,0.0,0.0,EURGBP,HYBRID_NEME_SHIE,758929884
56097722,62529191,2026-03-19 18:06:55,1773943615276,1,0,0,62529191,3,0.01,92.532,0.0,0.0,0.0,0.0,NZDJPY,HYBRID_NEME_SHIE,758929918
56097729,62529137,2026-03-19 18:06:56,1773943616768,1,0,0,62529137,3,0.01,92.531,0.0,0.0,0.0,0.0,NZDJPY,CHAM2_NEME_KILLE,758929942
56097837,62528886,2026-03-19 18:07:13,1773943633073,1,0,0,62528886,3,0.01,0.70579,0.0,0.0,0.0,0.0,AUDUSD,HYBRID_NEME_SHIE,758930327
56098252,62528780,2026-03-19 18:07:46,1773943666418,1,0,0,62528780,3,0.01,1.15318,0.0,0.0,0.0,0.0,EURUSD,HYBRID_NEME_SHIE,758931558
56099145,62530766,2026-03-19 18:09:16,1773943756519,1,1,0,62484162,5,0.01,211.863,0.0,0.0,5.02,0.0,GBPJPY,[tp 211.863],758934160
56165081,62596907,2026-03-19 19:50:17,1773949817693,0,1,0,62529092,4,0.01,0.86298,0.0,0.0,-1.74,0.0,EURGBP,[sl 0.86298],759108219
56171654,62603735,2026-03-19 20:02:29,1773950549959,0,1,0,62483876,5,0.01,158.02,0.0,0.0,3.27,0.0,USDJPY,[tp 158.020],759125865
56196113,62628393,2026-03-19 20:54:46,1773953686815,0,1,0,62528780,4,0.01,1.15639,0.0,0.0,-3.21,0.0,EURUSD,[sl 1.15639],759191289
56214277,62646948,2026-03-19 21:42:02,1773956522801,0,0,0,62646948,3,0.01,157.903,0.0,0.0,0.0,0.0,USDJPY,LHN_ALFA_S15R15_,759240067
56214282,62646957,2026-03-19 21:42:04,1773956524889,0,0,0,62646957,3,0.01,157.907,0.0,0.0,0.0,0.0,USDJPY,LHN_ALFA_S20R15_,759240078
56215935,62648639,2026-03-19 21:46:12,1773956772556,0,1,0,62528886,0,0.01,0.70561,0.0,0.0,0.18,0.0,AUDUSD,,759243143
56215952,62648657,2026-03-19 21:46:13,1773956773450,0,1,0,62529137,0,0.01,92.335,0.0,0.0,1.24,0.0,NZDJPY,,759243161
56215964,62648670,2026-03-19 21:46:14,1773956774337,0,1,0,62529191,0,0.01,92.335,0.0,0.0,1.25,0.0,NZDJPY,,759243189
56215990,62648695,2026-03-19 21:46:15,1773956775201,1,1,0,62646948,0,0.01,157.876,0.0,0.0,-0.17,0.0,USDJPY,,759243220
56215998,62648702,2026-03-19 21:46:16,1773956776193,1,1,0,62646957,0,0.01,157.879,0.0,0.0,-0.18,0.0,USDJPY,,759243236
56216487,62649110,2026-03-19 21:48:29,1773956909595,1,0,0,62649110,3,0.01,157.873,0.0,0.0,0.0,0.0,USDJPY,HYBRID_NEME_SHIE,759244926
56216543,62649162,2026-03-19 21:48:36,1773956916645,1,0,0,62649162,3,0.01,114.958,0.0,0.0,0.0,0.0,CADJPY,HYBRID_NEME_SHIE,759245041
56217714,62649087,2026-03-19 21:52:05,1773957125668,0,0,0,62649087,3,0.01,1.15597,0.0,0.0,0.0,0.0,EURUSD,HYBRID_NEME_SHIE,759248500
56354249,62789567,2026-03-20 05:29:12,1773984552386,0,1,0,62649162,4,0.01,115.275,0.0,-0.07,-2.0,0.0,CADJPY,[sl 115.275],759585871
56354251,62789568,2026-03-20 05:29:13,1773984553508,0,0,0,62789568,3,0.01,115.28,0.0,0.0,0.0,0.0,CADJPY,LHN_EXPL_POLIMAT,759585879
56357242,62792588,2026-03-20 05:37:00,1773985020315,0,1,0,62649110,4,0.01,158.331,0.0,-0.11,-2.89,0.0,USDJPY,[sl 158.331],759592915
56357323,62792607,2026-03-20 05:37:10,1773985030822,1,0,0,62792607,3,0.01,158.32,0.0,0.0,0.0,0.0,USDJPY,CHAM_NEME_LIVE,759593153
56357324,62792652,2026-03-20 05:37:10,1773985030824,1,0,0,62792652,3,0.01,158.32,0.0,0.0,0.0,0.0,USDJPY,HYBRID_NEME_SHIE,759593154
56484773,62923577,2026-03-20 12:47:34,1774010854137,0,1,0,62792607,4,0.01,158.744,0.0,0.0,-2.67,0.0,USDJPY,[sl 158.744],760025309
56484774,62923578,2026-03-20 12:47:34,1774010854140,0,1,0,62792652,4,0.01,158.744,0.0,0.0,-2.67,0.0,USDJPY,[sl 158.744],760025314
56491972,62931009,2026-03-20 13:00:34,1774011634643,0,0,0,62931009,3,0.01,0.86304,0.0,0.0,0.0,0.0,EURGBP,CHAM_NEME_LIVE,760053019
56492150,62931170,2026-03-20 13:00:55,1774011655698,0,0,0,62931170,3,0.01,0.86297,0.0,0.0,0.0,0.0,EURGBP,HYBRID_NEME_SHIE,760053911
56513785,62952880,2026-03-20 13:53:00,1774014780445,1,1,0,62931170,5,0.01,0.86408,0.0,0.0,1.48,0.0,EURGBP,[tp 0.86408],760131831
56519231,62930881,2026-03-20 14:02:18,1774015338327,0,0,0,62930881,3,0.01,0.70681,0.0,0.0,0.0,0.0,AUDUSD,HYBRID_NEME_SHIE,760149595
56519232,62930830,2026-03-20 14:02:18,1774015338330,0,0,0,62930830,3,0.01,0.70681,0.0,0.0,0.0,0.0,AUDUSD,CHAM_NEME_LIVE,760149594
56519443,62930965,2026-03-20 14:02:44,1774015364105,0,0,0,62930965,3,0.01,0.58646,0.0,0.0,0.0,0.0,NZDUSD,HYBRID_NEME_SHIE,760150279
56519477,62930926,2026-03-20 14:02:46,1774015366091,0,0,0,62930926,3,0.01,0.58652,0.0,0.0,0.0,0.0,NZDUSD,CHAM_NEME_LIVE,760150418
56521171,62930066,2026-03-20 14:05:43,1774015543693,0,0,0,62930066,3,0.01,1.33853,0.0,0.0,0.0,0.0,GBPUSD,CHAM_NEME_LIVE,760157031
56521256,62930711,2026-03-20 14:05:57,1774015557192,0,0,0,62930711,3,0.01,1.33856,0.0,0.0,0.0,0.0,GBPUSD,HYBRID_NEME_SHIE,760157245
56525012,62964326,2026-03-20 14:17:00,1774016220778,1,1,0,62931009,5,0.01,0.86415,0.0,0.0,1.49,0.0,EURGBP,[tp 0.86415],760169686
56534803,62974241,2026-03-20 14:44:49,1774017889095,1,1,0,62930965,0,0.01,0.58747,0.0,0.0,1.01,0.0,NZDUSD,,760198261
56534807,62974245,2026-03-20 14:44:50,1774017890113,1,1,0,62930926,0,0.01,0.58747,0.0,0.0,0.95,0.0,NZDUSD,,760198272
56534809,62974247,2026-03-20 14:44:51,1774017891114,1,1,0,62930711,0,0.01,1.33993,0.0,0.0,1.37,0.0,GBPUSD,,760198280
56534821,62974258,2026-03-20 14:44:52,1774017892887,1,1,0,62930066,0,0.01,1.33991,0.0,0.0,1.38,0.0,GBPUSD,,760198296
56534822,62974259,2026-03-20 14:44:53,1774017893636,1,1,0,62649087,0,0.01,1.15783,0.0,-0.09,1.8599999999999999,0.0,EURUSD,,760198301
56534823,62974260,2026-03-20 14:44:55,1774017895346,1,1,0,62930881,0,0.01,0.70816,0.0,0.0,1.35,0.0,AUDUSD,,760198304
56534860,62974362,2026-03-20 14:45:05,1774017905037,1,1,0,62930830,0,0.01,0.70814,0.0,0.0,1.33,0.0,AUDUSD,,760198449
56534869,62974369,2026-03-20 14:45:05,1774017905704,1,1,0,62789568,0,0.01,115.637,0.0,0.0,2.25,0.0,CADJPY,,760198470
56535509,62974405,2026-03-20 14:47:56,1774018076374,1,0,0,62974405,3,0.01,0.7079,0.0,0.0,0.0,0.0,AUDUSD,HYBRID_NEME_SHIE,760200757
56539310,62978791,2026-03-20 14:59:16,1774018756877,1,0,0,62978791,3,0.01,183.496,0.0,0.0,0.0,0.0,EURJPY,CHAM_ALFA_LIVE,760212440
56539311,62978763,2026-03-20 14:59:16,1774018756926,0,0,0,62978763,3,0.01,1.97094,0.0,0.0,0.0,0.0,EURNZD,LHN_ALFA_S15R18_,760212442
56539394,62978827,2026-03-20 14:59:37,1774018777621,0,0,0,62978827,3,0.01,0.86388,0.0,0.0,0.0,0.0,EURGBP,HYBRID_NEME_SHIE,760212634
56564813,62978812,2026-03-20 16:06:02,1774022762690,0,0,0,62978812,3,0.01,0.78713,0.0,0.0,0.0,0.0,USDCHF,HYBRID_NEME_SHIE,760293511
56589063,63030038,2026-03-20 16:51:44,1774025504155,0,1,0,62974405,5,0.01,0.70481,0.0,0.0,3.09,0.0,AUDUSD,[tp 0.70481],760372141
56599469,63040707,2026-03-20 17:02:20,1774026140955,1,1,0,62978812,5,0.01,0.7892,0.0,0.0,2.62,0.0,USDCHF,[tp 0.78920],760405517
56611416,63052768,2026-03-20 17:16:13,1774026973125,1,1,0,62978827,5,0.01,0.86594,0.0,0.0,2.74,0.0,EURGBP,[tp 0.86594],760440798
56611556,63052810,2026-03-20 17:16:25,1774026985928,1,0,0,63052810,3,0.01,0.86593,0.0,0.0,0.0,0.0,EURGBP,HYBRID_NEME_SHIE,760441266
