time,symbol,deal_type,volume,price,profit,comment
1773099278,USDCAD,0,1.73,1.35957,0.0,LHN_BETA_SNIPER
1773099722,USDCAD,1,0.05,1.35945,0.0,LHN_NEME_A20R15_
1773099722,USDCAD,1,0.05,1.35945,0.0,LHN_NEME_A15R15_
1773099722,USDCAD,1,0.05,1.35945,0.0,LHN_NEME_A25R15_
1773099722,USDCAD,1,0.05,1.35945,0.0,LHN_NEME_A15R25_
1773099723,USDCAD,1,0.05,1.35943,0.0,LHN_NEME_A25R25_
1773099723,USDCAD,1,0.05,1.35943,0.0,LHN_NEME_A20R25_
1773099780,EURUSD,0,0.05,1.16217,0.0,LHN_NEME_A15R15_
1773099780,EURUSD,0,0.05,1.16217,0.0,LHN_NEME_A15R25_
1773099853,USDJPY,1,0.05,157.697,0.0,LHN_NEME_A15R25_
1773099853,USDJPY,1,0.05,157.697,0.0,LHN_NEME_A15R15_
1773099869,USDJPY,0,0.05,157.717,0.0,LHN_EXPL_A15R30_
1773099869,USDJPY,0,0.05,157.717,0.0,LHN_ALFA_A15R15_
1773099869,USDJPY,0,0.05,157.717,0.0,LHN_EXPL_A15R20_
1773099960,GBPUSD,1,0.05,1.34374,0.0,LHN_ALFA_A15R15_
1773099960,GBPUSD,1,0.05,1.34374,0.0,LHN_ALFA_A20R15_
1773099960,GBPUSD,1,0.05,1.34374,0.0,LHN_ALFA_A25R15_
1773099960,GBPUSD,1,0.05,1.34374,0.0,LHN_ALFA_A15R15_
1773099960,GBPUSD,1,0.05,1.34371,0.0,LHN_ALFA_A20R15_
1773099960,GBPUSD,1,0.05,1.34371,0.0,LHN_ALFA_A20R15_
1773099960,GBPUSD,1,0.05,1.34371,0.0,LHN_ALFA_A25R15_
1773099960,GBPUSD,1,0.05,1.34371,0.0,LHN_ALFA_A25R15_
1773099960,GBPUSD,1,0.05,1.34371,0.0,LHN_ALFA_A25R15_
1773099960,GBPUSD,1,0.05,1.34371,0.0,LHN_ALFA_A15R15_
1773099960,GBPUSD,1,0.05,1.34371,0.0,LHN_ALFA_A20R15_
1773099989,GBPUSD,1,0.05,1.34365,0.0,LHN_ALFA_A15R15_
1773099989,GBPUSD,1,0.05,1.34365,0.0,LHN_EXPL_A15R30_
1773099989,GBPUSD,1,0.05,1.34365,0.0,LHN_EXPL_A20R20_
1773099989,GBPUSD,1,0.05,1.34365,0.0,LHN_EXPL_A25R20_
1773099989,GBPUSD,1,0.05,1.34365,0.0,LHN_EXPL_A25R30_
1773099989,GBPUSD,1,0.05,1.34365,0.0,LHN_EXPL_A15R20_
1773099989,GBPUSD,1,0.05,1.34365,0.0,LHN_EXPL_A20R30_
1773100005,USDJPY,0,0.05,157.718,0.0,LHN_ALFA_A15R15_
1773100065,USDJPY,0,0.05,157.724,0.0,LHN_ALFA_A15R15_
1773100067,USDJPY,0,0.05,157.725,0.0,LHN_ALFA_A15R15_
1773101117,EURGBP,0,0.05,0.86593,0.0,LHN_ALFA_A15R15_
1773101117,EURGBP,0,0.05,0.86593,0.0,LHN_ALFA_A20R15_
1773106436,EURAUD,0,0.05,1.64468,0.0,LHN_ALFA_A15R15_
1773106436,EURAUD,0,0.05,1.64468,0.0,LHN_ALFA_A20R15_
1773106436,EURAUD,0,0.05,1.64469,0.0,LHN_ALFA_A28R15_
1773106439,EURAUD,0,0.05,1.64467,0.0,LHN_ALFA_A20R15_
1773106439,EURAUD,0,0.05,1.6447,0.0,LHN_ALFA_A32R15_
1773106441,EURAUD,0,0.05,1.64471,0.0,LHN_ALFA_A25R15_
1773106443,EURAUD,0,0.05,1.64459,0.0,LHN_ALFA_A15R15_
1773106443,EURAUD,0,0.05,1.64459,0.0,LHN_ALFA_A20R15_
1773106449,EURAUD,0,0.05,1.6446,0.0,LHN_ALFA_A20R15_
1773106449,EURAUD,0,0.05,1.64463,0.0,LHN_ALFA_A28R15_
1773106449,EURAUD,0,0.05,1.64463,0.0,LHN_ALFA_A25R15_
1773106449,EURAUD,0,0.05,1.64463,0.0,LHN_ALFA_A32R15_
1773106449,EURAUD,0,0.05,1.64463,0.0,LHN_ALFA_A15R15_
1773106449,EURAUD,0,0.05,1.64463,0.0,LHN_ALFA_A25R15_
1773106451,EURAUD,0,0.05,1.64466,0.0,LHN_ALFA_A32R15_
1773106451,EURAUD,0,0.05,1.64466,0.0,LHN_ALFA_A28R15_
1773106452,EURAUD,0,0.05,1.64464,0.0,LHN_EXPL_A15R20_
1773106457,EURAUD,0,0.05,1.6446,0.0,LHN_EXPL_A15R30_
1773106457,EURAUD,0,0.05,1.6446,0.0,LHN_EXPL_A28R20_
1773106457,EURAUD,0,0.05,1.6446,0.0,LHN_EXPL_A32R20_
1773106462,EURAUD,0,0.05,1.64457,0.0,LHN_EXPL_A32R30_
1773106465,EURAUD,0,0.05,1.64463,0.0,LHN_EXPL_A25R30_
1773106465,EURAUD,0,0.05,1.64463,0.0,LHN_EXPL_A20R30_
1773106465,EURAUD,0,0.05,1.64465,0.0,LHN_EXPL_A25R20_
1773106467,EURAUD,0,0.05,1.6447,0.0,LHN_EXPL_A20R20_
1773106467,EURAUD,0,0.05,1.6447,0.0,LHN_ALFA_A32R15_
1773106474,EURAUD,1,0.05,1.64439,0.0,LHN_NEME_A15R25_
1773106474,EURAUD,1,0.05,1.64439,0.0,LHN_NEME_A32R25_
1773106474,EURAUD,1,0.05,1.64439,0.0,LHN_NEME_A20R25_
1773106474,EURAUD,1,0.05,1.64439,0.0,LHN_NEME_A28R25_
1773106474,EURAUD,1,0.05,1.64439,0.0,LHN_NEME_A25R25_
1773106474,EURAUD,1,0.05,1.64434,0.0,LHN_NEME_A25R15_
1773106474,EURAUD,1,0.05,1.64434,0.0,LHN_NEME_A15R15_
1773106474,EURAUD,1,0.05,1.64434,0.0,LHN_NEME_A32R15_
1773106474,EURAUD,1,0.05,1.64434,0.0,LHN_NEME_A20R15_
1773106474,EURAUD,1,0.05,1.64434,0.0,LHN_NEME_A28R15_
1773106621,ETHUSD,0,0.05,2013.22,0.0,LHN_NEME_A20R15_
1773106713,ETHUSD,1,0.05,2007.25,0.0,LHN_ALFA_A20R15_
1773106713,ETHUSD,1,0.05,2007.25,0.0,LHN_ALFA_A15R15_
1773106713,ETHUSD,1,0.05,2007.25,0.0,LHN_ALFA_A28R15_
1773106713,ETHUSD,1,0.05,2007.53,0.0,LHN_ALFA_A28R15_
1773106713,ETHUSD,1,0.05,2007.53,0.0,LHN_ALFA_A20R15_
1773106713,ETHUSD,1,0.05,2007.53,0.0,LHN_EXPL_A20R30_
1773106713,ETHUSD,1,0.05,2007.53,0.0,LHN_ALFA_A25R15_
1773106713,ETHUSD,1,0.05,2007.53,0.0,LHN_ALFA_A20R15_
1773106713,ETHUSD,1,0.05,2007.53,0.0,LHN_ALFA_A25R15_
1773106713,ETHUSD,1,0.05,2007.53,0.0,LHN_ALFA_A25R15_
1773106713,ETHUSD,1,0.05,2007.53,0.0,LHN_ALFA_A15R15_
1773106713,ETHUSD,1,0.05,2007.53,0.0,LHN_ALFA_A15R15_
1773106713,ETHUSD,1,0.05,2007.53,0.0,LHN_EXPL_A28R30_
1773106713,ETHUSD,1,0.05,2007.53,0.0,LHN_EXPL_A28R20_
1773106713,ETHUSD,1,0.05,2007.53,0.0,LHN_ALFA_A28R15_
1773106713,ETHUSD,1,0.05,2007.53,0.0,LHN_EXPL_A25R30_
1773106713,ETHUSD,1,0.05,2007.53,0.0,LHN_ALFA_A28R15_
1773106713,ETHUSD,1,0.05,2007.53,0.0,LHN_ALFA_A20R15_
1773106713,ETHUSD,1,0.05,2007.53,0.0,LHN_EXPL_A15R30_
1773106713,ETHUSD,1,0.05,2007.53,0.0,LHN_ALFA_A25R15_
1773106713,ETHUSD,1,0.05,2007.53,0.0,LHN_EXPL_A20R20_
1773106713,ETHUSD,1,0.05,2007.53,0.0,LHN_EXPL_A15R20_
1773106713,ETHUSD,1,0.05,2007.53,0.0,LHN_EXPL_A25R20_
1773106716,ETHUSD,1,0.05,2007.12,0.0,LHN_ALFA_A15R15_
1773108001,NZDJPY,0,0.05,93.635,0.0,LHN_ALFA_A15R15_
1773108005,NZDJPY,0,0.05,93.63,0.0,LHN_ALFA_A15R15_
1773108005,NZDJPY,0,0.05,93.63,0.0,LHN_ALFA_A15R15_
1773108005,NZDJPY,0,0.05,93.63,0.0,LHN_ALFA_A20R15_
1773108006,NZDJPY,0,0.05,93.632,0.0,LHN_ALFA_A20R15_
1773108011,NZDJPY,0,0.05,93.631,0.0,LHN_EXPL_A15R20_
1773108011,NZDJPY,0,0.05,93.631,0.0,LHN_EXPL_A15R30_
1773108011,NZDJPY,0,0.05,93.631,0.0,LHN_EXPL_A20R20_
1773108013,NZDJPY,1,0.05,93.617,0.0,LHN_NEME_A15R15_
1773108013,NZDJPY,1,0.05,93.617,0.0,LHN_NEME_A20R15_
1773108019,NZDJPY,0,0.05,93.633,0.0,LHN_ALFA_A15R15_
1773108019,NZDJPY,0,0.05,93.634,0.0,LHN_ALFA_A20R15_
1773108021,NZDJPY,0,0.05,93.64,0.0,LHN_ALFA_A20R15_
1773108064,NZDJPY,1,0.05,93.614,0.0,LHN_NEME_A20R25_
1773108064,NZDJPY,1,0.05,93.614,0.0,LHN_NEME_A15R25_
1773108122,BTCUSD,0,0.05,68567.7,0.0,LHN_NEME_A25R15_
1773108125,BTCUSD,0,0.05,68569.99,0.0,LHN_NEME_A20R25_
1773108125,BTCUSD,0,0.05,68569.99,0.0,LHN_NEME_A15R25_
1773108125,BTCUSD,0,0.05,68569.99,0.0,LHN_NEME_A28R15_
1773108127,BTCUSD,0,0.05,68574.25,0.0,LHN_NEME_A28R25_
1773108127,BTCUSD,0,0.05,68575.36,0.0,LHN_NEME_A15R15_
1773108346,BTCUSD,1,0.05,68548.35,0.0,LHN_ALFA_A25R15_
1773108346,BTCUSD,1,0.05,68548.35,0.0,LHN_ALFA_A20R15_
1773108346,BTCUSD,1,0.05,68548.35,0.0,LHN_ALFA_A20R15_
1773108346,BTCUSD,1,0.05,68548.35,0.0,LHN_EXPL_A15R20_
1773108346,BTCUSD,1,0.05,68548.35,0.0,LHN_ALFA_A28R15_
1773108346,BTCUSD,1,0.05,68548.35,0.0,LHN_ALFA_A25R15_
1773108346,BTCUSD,1,0.05,68548.35,0.0,LHN_ALFA_A25R15_
1773108346,BTCUSD,1,0.05,68548.35,0.0,LHN_ALFA_A15R15_
1773108346,BTCUSD,1,0.05,68548.35,0.0,LHN_EXPL_A20R30_
1773108346,BTCUSD,1,0.05,68548.35,0.0,LHN_ALFA_A15R15_
1773108346,BTCUSD,1,0.05,68548.35,0.0,LHN_ALFA_A20R15_
1773108346,BTCUSD,1,0.05,68548.35,0.0,LHN_ALFA_A15R15_
1773108346,BTCUSD,1,0.05,68548.35,0.0,LHN_EXPL_A20R20_
1773108346,BTCUSD,1,0.05,68548.35,0.0,LHN_ALFA_A25R15_
1773108346,BTCUSD,1,0.05,68548.35,0.0,LHN_ALFA_A15R15_
1773108346,BTCUSD,1,0.05,68548.35,0.0,LHN_EXPL_A25R20_
1773108346,BTCUSD,1,0.05,68548.35,0.0,LHN_ALFA_A28R15_
1773108346,BTCUSD,1,0.05,68548.35,0.0,LHN_ALFA_A28R15_
1773108346,BTCUSD,1,0.05,68548.35,0.0,LHN_EXPL_A28R20_
1773108346,BTCUSD,1,0.05,68548.35,0.0,LHN_EXPL_A25R30_
1773108346,BTCUSD,1,0.05,68548.35,0.0,LHN_ALFA_A28R15_
1773108346,BTCUSD,1,0.05,68548.35,0.0,LHN_ALFA_A20R15_
1773108346,BTCUSD,1,0.05,68548.35,0.0,LHN_EXPL_A28R30_
1773108346,BTCUSD,1,0.05,68548.35,0.0,LHN_EXPL_A15R30_
1773109274,AUDJPY,0,0.05,111.711,0.0,LHN_ALFA_A25R15_
1773109274,AUDJPY,0,0.05,111.711,0.0,LHN_ALFA_A20R15_
1773109274,AUDJPY,0,0.05,111.711,0.0,LHN_ALFA_A28R15_
1773109274,AUDJPY,0,0.05,111.711,0.0,LHN_ALFA_A25R15_
1773109274,AUDJPY,0,0.05,111.711,0.0,LHN_ALFA_A20R15_
1773109274,AUDJPY,0,0.05,111.711,0.0,LHN_ALFA_A15R15_
1773109274,AUDJPY,0,0.05,111.711,0.0,LHN_ALFA_A28R15_
1773109274,AUDJPY,0,0.05,111.711,0.0,LHN_ALFA_A25R15_
1773109280,AUDJPY,0,0.05,111.7,0.0,LHN_EXPL_A20R20_
1773109281,AUDJPY,0,0.05,111.702,0.0,LHN_EXPL_A25R20_
1773109286,AUDJPY,0,0.05,111.702,0.0,LHN_EXPL_A28R30_
1773109286,AUDJPY,1,0.05,111.69,0.0,LHN_NEME_A15R15_
1773109287,AUDJPY,0,0.05,111.71,0.0,LHN_ALFA_A28R15_
1773109287,AUDJPY,0,0.05,111.71,0.0,LHN_EXPL_A15R20_
1773109287,AUDJPY,0,0.05,111.71,0.0,LHN_EXPL_A25R30_
1773109287,AUDJPY,0,0.05,111.71,0.0,LHN_ALFA_A20R15_
1773109287,AUDJPY,0,0.05,111.71,0.0,LHN_EXPL_A28R20_
1773109287,AUDJPY,0,0.05,111.71,0.0,LHN_EXPL_A15R30_
1773109287,AUDJPY,0,0.05,111.71,0.0,LHN_ALFA_A25R15_
1773109287,AUDJPY,0,0.05,111.71,0.0,LHN_EXPL_A20R30_
1773109287,AUDJPY,0,0.05,111.712,0.0,LHN_ALFA_A15R15_
1773109287,AUDJPY,0,0.05,111.712,0.0,LHN_ALFA_A15R15_
1773109287,AUDJPY,0,0.05,111.712,0.0,LHN_ALFA_A20R15_
1773109292,AUDJPY,1,0.05,111.699,0.0,LHN_NEME_A28R15_
1773109292,AUDJPY,1,0.05,111.699,0.0,LHN_NEME_A25R15_
1773109292,AUDJPY,1,0.05,111.699,0.0,LHN_NEME_A28R25_
1773109292,AUDJPY,1,0.05,111.699,0.0,LHN_NEME_A20R25_
1773109292,AUDJPY,1,0.05,111.699,0.0,LHN_NEME_A25R25_
1773109292,AUDJPY,1,0.05,111.699,0.0,LHN_NEME_A15R25_
1773109311,AUDJPY,1,0.05,111.686,0.0,LHN_NEME_A20R15_
1773110703,SOLUSD,1,2.61,85.01,0.0,LHN_BETA_SNIPER
1773110703,SOLUSD,1,0.05,85.01,0.0,LHN_ALFA_A15R15_
1773110703,SOLUSD,1,0.05,85.01,0.0,LHN_ALFA_A20R15_
1773110703,SOLUSD,1,0.05,85.01,0.0,LHN_ALFA_A15R15_
1773110703,SOLUSD,1,0.05,85.01,0.0,LHN_ALFA_A20R15_
1773110703,SOLUSD,1,0.05,85.01,0.0,LHN_ALFA_A25R15_
1773110703,SOLUSD,1,0.05,85.01,0.0,LHN_ALFA_A25R15_
1773110703,SOLUSD,1,0.05,85.01,0.0,LHN_ALFA_A20R15_
1773110703,SOLUSD,1,0.05,85.01,0.0,LHN_ALFA_A28R15_
1773110703,SOLUSD,1,0.05,85.01,0.0,LHN_ALFA_A28R15_
1773110703,SOLUSD,1,0.05,85.01,0.0,LHN_ALFA_A15R15_
1773110703,SOLUSD,1,0.05,85.01,0.0,LHN_ALFA_A20R15_
1773110703,SOLUSD,1,0.05,85.01,0.0,LHN_ALFA_A15R15_
1773110703,SOLUSD,1,0.05,85.01,0.0,LHN_ALFA_A25R15_
1773110703,SOLUSD,1,0.05,84.94,0.0,LHN_ALFA_A28R15_
1773113258,ETHUSD,0,0.05,2013.95,0.0,LHN_NEME_A15R15_
1773113258,ETHUSD,0,0.05,2013.95,0.0,LHN_NEME_A15R25_
1773113258,ETHUSD,0,0.05,2013.95,0.0,LHN_NEME_A25R25_
1773113258,ETHUSD,0,0.05,2013.95,0.0,LHN_NEME_A28R25_
1773113258,ETHUSD,0,0.05,2013.95,0.0,LHN_NEME_A28R15_
1773113258,ETHUSD,0,0.05,2013.95,0.0,LHN_NEME_A20R25_
1773113258,ETHUSD,0,0.05,2013.95,0.0,LHN_NEME_A25R15_
1773114868,AUDJPY,1,0.05,111.442,-8.56,[sl 111.444]
1773114868,AUDJPY,1,0.05,111.442,-8.53,[sl 111.443]
1773114868,AUDJPY,1,0.05,111.442,-8.53,[sl 111.442]
1773114868,AUDJPY,1,0.05,111.442,-8.53,[sl 111.442]
1773114868,AUDJPY,1,0.05,111.442,-8.53,[sl 111.442]
1773114868,AUDJPY,1,0.05,111.442,-8.53,[sl 111.442]
1773114868,AUDJPY,1,0.05,111.442,-8.56,[sl 111.443]
1773114868,AUDJPY,1,0.05,111.442,-8.53,[sl 111.442]
1773114868,AUDJPY,1,0.05,111.442,-8.53,[sl 111.443]
1773114868,AUDJPY,1,0.05,111.442,-8.56,[sl 111.444]
1773114868,AUDJPY,1,0.05,111.442,-8.53,[sl 111.442]
1773114868,AUDJPY,1,0.05,111.439,-8.59,[sl 111.440]
1773114868,AUDJPY,1,0.05,111.439,-8.59,[sl 111.440]
1773114868,AUDJPY,1,0.05,111.439,-8.59,[sl 111.440]
1773114869,AUDJPY,1,0.05,111.435,-8.72,[sl 111.435]
1773114869,AUDJPY,1,0.05,111.435,-8.72,[sl 111.436]
1773114869,AUDJPY,1,0.05,111.435,-8.72,[sl 111.436]
1773114869,AUDJPY,1,0.05,111.435,-8.72,[sl 111.435]
1773114869,AUDJPY,1,0.05,111.435,-8.72,[sl 111.438]
1773114869,AUDJPY,1,0.05,111.434,-8.5,[sl 111.434]
1773114869,AUDJPY,1,0.05,111.434,-8.5,[sl 111.434]
1773114869,AUDJPY,1,0.05,111.432,-8.5,[sl 111.432]
1773114916,NZDJPY,1,0.05,93.42,-6.98,[sl 93.420]
1773114932,NZDJPY,1,0.05,93.418,-6.88,[sl 93.418]
1773114949,NZDJPY,1,0.05,93.417,-6.88,[sl 93.417]
1773114951,NZDJPY,1,0.05,93.414,-6.88,[sl 93.414]
1773114951,NZDJPY,1,0.05,93.414,-6.95,[sl 93.416]
1773114951,NZDJPY,1,0.05,93.414,-6.88,[sl 93.414]
1773114951,NZDJPY,1,0.05,93.414,-6.88,[sl 93.414]
1773114951,NZDJPY,1,0.05,93.414,-6.92,[sl 93.415]
1773114953,NZDJPY,1,0.05,93.411,-6.95,[sl 93.411]
1773114955,NZDJPY,1,0.05,93.41,-6.98,[sl 93.410]
1773114955,NZDJPY,1,0.05,93.41,-6.98,[sl 93.410]
1773117532,NZDJPY,0,0.05,93.293,10.28,[tp 93.294]
1773117532,NZDJPY,0,0.05,93.293,10.28,[tp 93.294]
1773120618,BTCUSD,0,0.05,69488.15,-46.99,[sl 69470.77]
1773120618,BTCUSD,0,0.05,69488.15,-46.99,[sl 69470.77]
1773120618,BTCUSD,0,0.05,69488.15,-46.99,[sl 69470.77]
1773120618,BTCUSD,0,0.05,69488.15,-46.99,[sl 69470.77]
1773120618,BTCUSD,0,0.05,69488.15,-46.99,[sl 69470.77]
1773120618,BTCUSD,0,0.05,69488.15,-46.99,[sl 69470.77]
1773120618,BTCUSD,0,0.05,69488.15,-46.99,[sl 69470.77]
1773120618,BTCUSD,0,0.05,69488.15,-46.99,[sl 69470.77]
1773120618,BTCUSD,0,0.05,69488.15,-46.99,[sl 69470.77]
1773120618,BTCUSD,0,0.05,69488.15,-46.99,[sl 69470.77]
1773120618,BTCUSD,0,0.05,69488.15,-46.99,[sl 69470.77]
1773120618,BTCUSD,0,0.05,69488.15,-46.99,[sl 69470.77]
1773120618,BTCUSD,0,0.05,69488.15,-46.99,[sl 69470.77]
1773120618,BTCUSD,0,0.05,69488.15,-46.99,[sl 69470.77]
1773120618,BTCUSD,0,0.05,69488.15,-46.99,[sl 69470.77]
1773120618,BTCUSD,0,0.05,69488.15,-46.99,[sl 69470.77]
1773120618,BTCUSD,0,0.05,69488.15,-46.99,[sl 69470.77]
1773120618,BTCUSD,0,0.05,69488.15,-46.99,[sl 69470.77]
1773120618,BTCUSD,0,0.05,69488.15,-46.99,[sl 69470.77]
1773120618,BTCUSD,0,0.05,69488.15,-46.99,[sl 69470.77]
1773120618,BTCUSD,0,0.05,69488.15,-46.99,[sl 69470.77]
1773120618,BTCUSD,0,0.05,69488.15,-46.99,[sl 69470.77]
1773120618,BTCUSD,0,0.05,69488.15,-46.99,[sl 69470.77]
1773120618,BTCUSD,0,0.05,69488.15,-46.99,[sl 69470.77]
1773120873,BTCUSD,1,0.05,69978.4,70.15,[tp 69950.01]
1773120873,BTCUSD,1,0.05,69978.4,70.54,[tp 69943.35]
1773120873,BTCUSD,1,0.05,69978.4,70.42,[tp 69943.71]
1773120949,SOLUSD,0,0.05,86.51,-7.85,[sl 86.51]
1773120951,SOLUSD,0,0.05,86.55,-7.7,[sl 86.55]
1773120951,SOLUSD,0,0.05,86.55,-7.7,[sl 86.55]
1773120951,SOLUSD,0,0.05,86.55,-7.7,[sl 86.55]
1773120951,SOLUSD,0,0.05,86.55,-7.7,[sl 86.55]
1773120951,SOLUSD,0,2.61,86.55,-401.94,[sl 86.55]
1773120951,SOLUSD,0,0.05,86.55,-7.7,[sl 86.55]
1773120951,SOLUSD,0,0.05,86.55,-7.7,[sl 86.54]
1773120951,SOLUSD,0,0.05,86.55,-7.7,[sl 86.55]
1773120951,SOLUSD,0,0.05,86.55,-7.7,[sl 86.55]
1773120951,SOLUSD,0,0.05,86.55,-7.7,[sl 86.55]
1773120951,SOLUSD,0,0.05,86.55,-7.7,[sl 86.55]
1773120951,SOLUSD,0,0.05,86.55,-7.7,[sl 86.55]
1773120951,SOLUSD,0,0.05,86.55,-7.7,[sl 86.55]
1773120951,SOLUSD,0,0.05,86.55,-7.7,[sl 86.54]
1773120953,ETHUSD,0,0.05,2042.15,-17.31,[sl 2042.40]
1773120953,ETHUSD,0,0.05,2042.15,-17.45,[sl 2042.40]
1773120953,ETHUSD,0,0.05,2042.15,-17.45,[sl 2042.40]
1773120953,ETHUSD,0,0.05,2042.15,-17.45,[sl 2042.40]
1773120953,ETHUSD,0,0.05,2042.15,-17.31,[sl 2042.40]
1773120953,ETHUSD,0,0.05,2042.15,-17.31,[sl 2042.40]
1773120953,ETHUSD,0,0.05,2042.15,-17.31,[sl 2042.40]
1773120953,ETHUSD,0,0.05,2042.15,-17.31,[sl 2042.40]
1773120953,ETHUSD,0,0.05,2042.15,-17.31,[sl 2042.40]
1773120953,ETHUSD,0,0.05,2042.15,-17.31,[sl 2042.40]
1773120953,ETHUSD,0,0.05,2042.15,-17.31,[sl 2042.40]
1773120953,ETHUSD,0,0.05,2042.15,-17.31,[sl 2042.40]
1773120953,ETHUSD,0,0.05,2042.15,-17.31,[sl 2042.40]
1773120953,ETHUSD,0,0.05,2042.15,-17.31,[sl 2042.40]
1773120953,ETHUSD,0,0.05,2042.15,-17.52,[sl 2042.20]
1773120953,ETHUSD,0,0.05,2042.15,-17.31,[sl 2042.40]
1773120953,ETHUSD,0,0.05,2042.15,-17.31,[sl 2042.40]
1773120953,ETHUSD,0,0.05,2042.15,-17.31,[sl 2042.40]
1773120953,ETHUSD,0,0.05,2042.15,-17.31,[sl 2042.40]
1773120953,ETHUSD,0,0.05,2042.15,-17.31,[sl 2042.40]
1773120953,ETHUSD,0,0.05,2042.15,-17.31,[sl 2042.40]
1773120953,ETHUSD,0,0.05,2042.15,-17.31,[sl 2042.40]
1773120953,ETHUSD,0,0.05,2042.15,-17.31,[sl 2042.40]
1773120953,ETHUSD,0,0.05,2042.15,-17.31,[sl 2042.40]
1773129676,USDCAD,1,0.05,1.35885,0.0,LHN_ALFA_A15R15_
1773129688,USDCAD,1,0.05,1.35879,0.0,LHN_ALFA_A15R15_
1773129688,USDCAD,1,0.05,1.35879,0.0,LHN_ALFA_A15R15_
1773129688,USDCAD,1,0.05,1.35879,0.0,LHN_ALFA_A15R15_
1773129689,USDCAD,1,0.05,1.35878,0.0,LHN_EXPL_A15R20_
1773129689,USDCAD,1,0.05,1.35878,0.0,LHN_EXPL_A15R30_
1773129734,EURGBP,0,0.05,0.86496,0.0,LHN_NEME_A15R15_
1773129736,EURGBP,0,0.05,0.86497,0.0,LHN_NEME_A20R15_
1773129772,EURGBP,0,0.05,0.86498,0.0,LHN_NEME_A15R25_
1773129772,EURGBP,0,0.05,0.86498,0.0,LHN_NEME_A20R25_
1773129772,EURGBP,0,0.05,0.86498,0.0,LHN_NEME_A25R25_
1773129772,EURGBP,0,0.05,0.86498,0.0,LHN_NEME_A25R15_
1773129825,EURGBP,1,0.05,0.86485,0.0,LHN_ALFA_A15R15_
1773129825,EURGBP,1,0.05,0.86485,0.0,LHN_ALFA_A20R15_
1773129825,EURGBP,1,0.05,0.86485,0.0,LHN_EXPL_A25R20_
1773129825,EURGBP,1,0.05,0.86485,0.0,LHN_ALFA_A25R15_
1773129825,EURGBP,1,0.05,0.86485,0.0,LHN_ALFA_A15R15_
1773129825,EURGBP,1,0.05,0.86485,0.0,LHN_ALFA_A20R15_
1773129825,EURGBP,1,0.05,0.86485,0.0,LHN_EXPL_A20R30_
1773129825,EURGBP,1,0.05,0.86485,0.0,LHN_EXPL_A28R30_
1773129825,EURGBP,1,0.05,0.86485,0.0,LHN_ALFA_A28R15_
1773129825,EURGBP,1,0.05,0.86485,0.0,LHN_EXPL_A20R20_
1773129825,EURGBP,1,0.05,0.86485,0.0,LHN_ALFA_A25R15_
1773129825,EURGBP,1,0.05,0.86485,0.0,LHN_ALFA_A25R15_
1773129825,EURGBP,1,0.05,0.86485,0.0,LHN_EXPL_A15R30_
1773129825,EURGBP,1,0.05,0.86485,0.0,LHN_EXPL_A15R20_
1773129825,EURGBP,1,0.05,0.86485,0.0,LHN_ALFA_A28R15_
1773129825,EURGBP,1,0.05,0.86485,0.0,LHN_EXPL_A28R20_
1773129825,EURGBP,1,0.05,0.86485,0.0,LHN_EXPL_A25R30_
1773129825,EURGBP,1,0.05,0.86485,0.0,LHN_ALFA_A28R15_
1773129829,EURGBP,1,0.05,0.86484,0.0,LHN_ALFA_A15R15_
1773129863,EURGBP,1,0.05,0.86482,0.0,LHN_ALFA_A15R15_
1773129863,EURGBP,1,0.05,0.86482,0.0,LHN_ALFA_A20R15_
1773129863,EURGBP,1,0.05,0.86482,0.0,LHN_ALFA_A20R15_
1773129863,EURGBP,1,0.05,0.86482,0.0,LHN_ALFA_A28R15_
1773129863,EURGBP,1,0.05,0.86482,0.0,LHN_ALFA_A25R15_
1773130109,NZDJPY,1,0.05,93.217,0.0,LHN_ALFA_A15R15_
1773130109,NZDJPY,1,0.05,93.217,0.0,LHN_ALFA_A15R15_
1773130109,NZDJPY,1,0.05,93.217,0.0,LHN_ALFA_A15R15_
1773130122,NZDJPY,0,0.05,93.239,0.0,LHN_NEME_A15R25_
1773130122,NZDJPY,0,0.05,93.239,0.0,LHN_NEME_A15R15_
1773130134,NZDJPY,1,0.05,93.215,0.0,LHN_ALFA_A15R15_
1773130134,NZDJPY,1,0.05,93.215,0.0,LHN_EXPL_A15R20_
1773130134,NZDJPY,1,0.05,93.215,0.0,LHN_EXPL_A15R30_
1773130551,EURGBP,0,0.05,0.86499,0.0,LHN_NEME_A28R15_
1773130551,EURGBP,0,0.05,0.86499,0.0,LHN_NEME_A28R25_
1773130701,AUDJPY,1,0.05,111.346,0.0,LHN_ALFA_A20R15_
1773130701,AUDJPY,1,0.05,111.346,0.0,LHN_ALFA_A15R15_
1773130701,AUDJPY,1,0.05,111.346,0.0,LHN_ALFA_A25R15_
1773130701,AUDJPY,1,2.39,111.344,0.0,LHN_BETA_SNIPER
1773130717,AUDJPY,0,0.05,111.37,0.0,LHN_NEME_A15R15_
1773130720,AUDJPY,0,0.05,111.372,0.0,LHN_NEME_A15R25_
1773130720,AUDJPY,0,0.05,111.372,0.0,LHN_NEME_A20R15_
1773130720,AUDJPY,0,0.05,111.372,0.0,LHN_NEME_A25R15_
1773130720,AUDJPY,0,0.05,111.371,0.0,LHN_NEME_A20R25_
1773130721,AUDJPY,0,0.05,111.373,0.0,LHN_NEME_A25R25_
1773130834,AUDJPY,1,0.05,111.347,0.0,LHN_ALFA_A20R15_
1773130834,AUDJPY,1,0.05,111.347,0.0,LHN_EXPL_A25R30_
1773130834,AUDJPY,1,0.05,111.347,0.0,LHN_ALFA_A25R15_
1773130834,AUDJPY,1,0.05,111.347,0.0,LHN_EXPL_A25R20_
1773130834,AUDJPY,1,0.05,111.347,0.0,LHN_EXPL_A20R20_
1773130834,AUDJPY,1,0.05,111.347,0.0,LHN_EXPL_A20R30_
1773130834,AUDJPY,1,0.05,111.347,0.0,LHN_EXPL_A15R20_
1773130834,AUDJPY,1,0.05,111.347,0.0,LHN_EXPL_A15R30_
1773130834,AUDJPY,1,0.05,111.347,0.0,LHN_ALFA_A25R15_
1773130834,AUDJPY,1,0.05,111.347,0.0,LHN_ALFA_A15R15_
1773130834,AUDJPY,1,0.05,111.343,0.0,LHN_ALFA_A25R15_
1773130834,AUDJPY,1,0.05,111.343,0.0,LHN_ALFA_A20R15_
1773130834,AUDJPY,1,0.05,111.343,0.0,LHN_ALFA_A15R15_
1773130834,AUDJPY,1,0.05,111.343,0.0,LHN_ALFA_A15R15_
1773130834,AUDJPY,1,0.05,111.343,0.0,LHN_ALFA_A20R15_
1773131130,GBPAUD,0,0.05,1.90225,0.0,LHN_ALFA_A15R15_
1773131130,GBPAUD,0,0.05,1.90225,0.0,LHN_ALFA_A15R15_
1773131136,GBPAUD,1,0.05,1.90199,0.0,LHN_NEME_A15R15_
1773131136,GBPAUD,1,0.05,1.90199,0.0,LHN_NEME_A15R25_
1773131141,GBPAUD,0,0.05,1.90224,0.0,LHN_ALFA_A15R15_
1773131141,GBPAUD,0,0.05,1.90224,0.0,LHN_EXPL_A15R20_
1773131141,GBPAUD,0,0.05,1.90224,0.0,LHN_EXPL_A15R30_
1773131172,GBPAUD,0,0.05,1.90226,0.0,LHN_ALFA_A15R15_
1773131326,USDCAD,0,0.05,1.35923,0.0,LHN_NEME_A15R15_
1773131326,USDCAD,0,0.05,1.35923,0.0,LHN_NEME_A15R25_
1773132100,AUDJPY,0,0.05,111.294,12.85,[tp 111.298]
1773132100,AUDJPY,0,0.05,111.294,12.85,[tp 111.298]
1773133711,GBPAUD,1,0.05,1.89825,-14.19,[sl 1.89825]
1773133711,GBPAUD,1,0.05,1.8981,-14.69,[sl 1.89823]
1773133711,GBPAUD,1,0.05,1.8981,-14.69,[sl 1.89822]
1773133711,GBPAUD,1,0.05,1.8981,-14.66,[sl 1.89823]
1773133711,GBPAUD,1,0.05,1.8981,-14.66,[sl 1.89823]
1773133711,GBPAUD,1,0.05,1.8981,-14.66,[sl 1.89823]
1773133819,AUDJPY,0,0.05,111.604,-8.28,[sl 111.604]
1773133845,AUDJPY,0,0.05,111.605,-8.31,[sl 111.605]
1773133845,AUDJPY,0,0.05,111.605,-8.31,[sl 111.605]
1773133845,AUDJPY,0,0.05,111.605,-8.31,[sl 111.605]
1773133845,AUDJPY,0,0.05,111.605,-8.31,[sl 111.605]
1773133845,AUDJPY,0,0.05,111.607,-8.28,[sl 111.607]
1773133845,AUDJPY,0,0.05,111.607,-8.28,[sl 111.607]
1773133845,AUDJPY,0,2.39,111.609,-401.94,[sl 111.607]
1773133853,AUDJPY,0,0.05,111.609,-8.31,[sl 111.609]
1773133853,AUDJPY,0,0.05,111.609,-8.35,[sl 111.608]
1773133853,AUDJPY,0,0.05,111.609,-8.31,[sl 111.609]
1773133853,AUDJPY,0,0.05,111.609,-8.31,[sl 111.609]
1773133853,AUDJPY,0,0.05,111.609,-8.31,[sl 111.608]
1773133853,AUDJPY,0,0.05,111.609,-8.31,[sl 111.609]
1773133853,AUDJPY,0,0.05,111.609,-8.31,[sl 111.609]
1773133853,AUDJPY,0,0.05,111.609,-8.31,[sl 111.608]
1773133853,AUDJPY,0,0.05,111.609,-8.31,[sl 111.609]
1773133853,AUDJPY,0,0.05,111.609,-8.31,[sl 111.609]
1773133853,AUDJPY,0,0.05,111.609,-8.31,[sl 111.609]
1773134446,EURAUD,1,0.05,1.64037,-15.38,[sl 1.64037]
1773134446,EURAUD,1,0.05,1.64035,-15.42,[sl 1.64035]
1773134446,EURAUD,1,0.05,1.64035,-15.42,[sl 1.64035]
1773134446,EURAUD,1,0.05,1.64035,-15.42,[sl 1.64036]
1773134460,EURAUD,1,0.05,1.64022,-15.81,[sl 1.64034]
1773134460,EURAUD,1,0.05,1.64022,-15.81,[sl 1.64034]
1773134460,EURAUD,1,0.05,1.64022,-15.63,[sl 1.64026]
1773134460,EURAUD,1,0.05,1.64022,-15.42,[sl 1.64023]
1773134460,EURAUD,1,0.05,1.64022,-15.67,[sl 1.64030]
1773134460,EURAUD,1,0.05,1.64022,-15.63,[sl 1.64028]
1773134460,EURAUD,1,0.05,1.64022,-15.49,[sl 1.64024]
1773134460,EURAUD,1,0.05,1.64022,-15.63,[sl 1.64028]
1773134460,EURAUD,1,0.05,1.64022,-15.74,[sl 1.64031]
1773134460,EURAUD,1,0.05,1.64022,-15.63,[sl 1.64028]
1773134460,EURAUD,1,0.05,1.64022,-15.63,[sl 1.64028]
1773134460,EURAUD,1,0.05,1.64022,-15.77,[sl 1.64033]
1773134460,EURAUD,1,0.05,1.64022,-15.49,[sl 1.64024]
1773134460,EURAUD,1,0.05,1.64022,-15.53,[sl 1.64024]
1773134460,EURAUD,1,0.05,1.64022,-15.84,[sl 1.64034]
1773134460,EURAUD,1,0.05,1.64022,-15.7,[sl 1.64030]
1773134460,EURAUD,1,0.05,1.64022,-15.74,[sl 1.64031]
1773134460,EURAUD,1,0.05,1.64022,-15.63,[sl 1.64029]
1773134460,EURAUD,1,0.05,1.64022,-15.63,[sl 1.64028]
1773134460,EURAUD,1,0.05,1.64022,-15.53,[sl 1.64026]
1773134460,EURAUD,1,0.05,1.64022,-15.53,[sl 1.64023]
1773134460,EURAUD,1,0.05,1.64022,-15.53,[sl 1.64025]
1773134667,GBPAUD,0,0.05,1.89598,21.31,[tp 1.89598]
1773134678,EURNZD,1,0.05,1.96333,0.0,LHN_ALFA_A15R15_
1773134680,EURNZD,1,0.05,1.96331,0.0,LHN_ALFA_A25R15_
1773134680,EURNZD,1,0.05,1.96331,0.0,LHN_ALFA_A20R15_
1773134692,EURNZD,1,0.05,1.96335,0.0,LHN_EXPL_A20R30_
1773134692,EURNZD,1,0.05,1.96335,0.0,LHN_EXPL_A25R20_
1773134692,EURNZD,1,0.05,1.96335,0.0,LHN_EXPL_A15R30_
1773134693,EURNZD,1,0.05,1.96332,0.0,LHN_EXPL_A15R20_
1773134693,EURNZD,1,0.05,1.96332,0.0,LHN_ALFA_A25R15_
1773134693,EURNZD,1,0.05,1.96332,0.0,LHN_EXPL_A20R20_
1773134694,EURNZD,1,0.05,1.96328,0.0,LHN_ALFA_A25R15_
1773134694,EURNZD,1,0.05,1.96328,0.0,LHN_ALFA_A20R15_
1773134694,EURNZD,1,0.05,1.96328,0.0,LHN_ALFA_A15R15_
1773134694,EURNZD,1,0.05,1.96328,0.0,LHN_ALFA_A15R15_
1773134694,EURNZD,1,0.05,1.96328,0.0,LHN_ALFA_A25R15_
1773134694,EURNZD,1,0.05,1.96328,0.0,LHN_ALFA_A20R15_
1773134695,EURNZD,0,0.05,1.96355,0.0,LHN_NEME_A20R15_
1773134695,EURNZD,0,0.05,1.96357,0.0,LHN_NEME_A25R15_
1773134696,EURNZD,0,0.05,1.96357,0.0,LHN_NEME_A15R25_
1773134698,EURNZD,0,0.05,1.96355,0.0,LHN_NEME_A25R25_
1773134733,EURNZD,1,0.05,1.96315,0.0,LHN_ALFA_A15R15_
1773134733,EURNZD,1,0.05,1.96315,0.0,LHN_ALFA_A20R15_
1773134831,EURNZD,0,0.05,1.96359,0.0,LHN_NEME_A20R25_
1773134831,EURNZD,0,0.05,1.96359,0.0,LHN_NEME_A15R15_
1773134946,AUDJPY,1,0.05,111.762,12.44,[tp 111.762]
1773134947,AUDJPY,1,0.05,111.764,12.44,[tp 111.764]
1773134947,AUDJPY,1,0.05,111.764,12.44,[tp 111.764]
1773135551,EURGBP,1,0.05,0.86464,-8.68,[sl 0.86464]
1773135551,EURGBP,1,0.05,0.86464,-8.68,[sl 0.86464]
1773135908,USDCAD,1,0.05,1.3573,-7.11,[sl 1.35730]
1773135908,USDCAD,1,0.05,1.3573,-7.11,[sl 1.35730]
1773136944,NZDJPY,0,0.05,93.424,-6.63,[sl 93.424]
1773136944,NZDJPY,0,0.05,93.424,-6.63,[sl 93.424]
1773136944,NZDJPY,0,0.05,93.424,-6.63,[sl 93.424]
1773136959,NZDJPY,0,0.05,93.426,-6.63,[sl 93.426]
1773136959,NZDJPY,0,0.05,93.426,-6.63,[sl 93.426]
1773136959,NZDJPY,0,0.05,93.426,-6.63,[sl 93.426]
1773137463,BTCUSD,0,0.39,70338.48,0.0,LHN_BETA_SNIPER
1773137465,BTCUSD,0,0.05,70348.79,0.0,LHN_ALFA_A15R15_
1773137493,BTCUSD,1,0.05,70265.52,0.0,LHN_NEME_A20R15_
1773137493,BTCUSD,1,0.05,70265.63,0.0,LHN_NEME_A15R15_
1773137496,BTCUSD,1,0.05,70260.76,0.0,LHN_NEME_A28R15_
1773137496,BTCUSD,1,0.05,70260.76,0.0,LHN_NEME_A25R15_
1773137500,BTCUSD,1,0.05,70266.99,0.0,LHN_NEME_A32R25_
1773137522,BTCUSD,1,0.05,70246.55,0.0,LHN_NEME_A20R25_
1773137522,BTCUSD,1,0.05,70246.55,0.0,LHN_NEME_A25R25_
1773137837,BTCUSD,0,0.05,70350.5,0.0,LHN_ALFA_A32R15_
1773137837,BTCUSD,0,0.05,70350.5,0.0,LHN_ALFA_A25R15_
1773137837,BTCUSD,0,0.05,70350.5,0.0,LHN_ALFA_A25R15_
1773137837,BTCUSD,0,0.05,70350.5,0.0,LHN_ALFA_A28R15_
1773137837,BTCUSD,0,0.05,70350.5,0.0,LHN_ALFA_A32R15_
1773137837,BTCUSD,0,0.05,70350.5,0.0,LHN_ALFA_A25R15_
1773137837,BTCUSD,0,0.05,70350.5,0.0,LHN_ALFA_A20R15_
1773137837,BTCUSD,0,0.05,70350.5,0.0,LHN_ALFA_A28R15_
1773137837,BTCUSD,0,0.05,70350.5,0.0,LHN_ALFA_A28R15_
1773137837,BTCUSD,0,0.05,70350.5,0.0,LHN_ALFA_A32R15_
1773137837,BTCUSD,0,0.05,70350.5,0.0,LHN_ALFA_A15R15_
1773137837,BTCUSD,0,0.05,70350.5,0.0,LHN_EXPL_A20R20_
1773137837,BTCUSD,0,0.05,70350.5,0.0,LHN_EXPL_A32R20_
1773137837,BTCUSD,0,0.05,70350.5,0.0,LHN_EXPL_A32R30_
1773137837,BTCUSD,0,0.05,70350.5,0.0,LHN_ALFA_A20R15_
1773137837,BTCUSD,0,0.05,70350.5,0.0,LHN_ALFA_A20R15_
1773137837,BTCUSD,0,0.05,70350.5,0.0,LHN_ALFA_A15R15_
1773137837,BTCUSD,0,0.05,70350.5,0.0,LHN_EXPL_A28R30_
1773137837,BTCUSD,0,0.05,70350.5,0.0,LHN_ALFA_A20R15_
1773137837,BTCUSD,0,0.05,70350.5,0.0,LHN_ALFA_A28R15_
1773137837,BTCUSD,0,0.05,70350.5,0.0,LHN_EXPL_A15R30_
1773137837,BTCUSD,0,0.05,70350.5,0.0,LHN_EXPL_A28R20_
1773137837,BTCUSD,0,0.05,70350.5,0.0,LHN_ALFA_A15R15_
1773137837,BTCUSD,0,0.05,70350.5,0.0,LHN_EXPL_A25R30_
1773137837,BTCUSD,0,0.05,70350.5,0.0,LHN_EXPL_A25R20_
1773137837,BTCUSD,0,0.05,70350.5,0.0,LHN_ALFA_A32R15_
1773137837,BTCUSD,0,0.05,70350.5,0.0,LHN_ALFA_A25R15_
1773137837,BTCUSD,0,0.05,70350.5,0.0,LHN_EXPL_A15R20_
1773137837,BTCUSD,0,0.05,70350.5,0.0,LHN_EXPL_A20R30_
1773138115,EURAUD,0,0.05,1.63785,23.06,[tp 1.63786]
1773138115,EURAUD,0,0.05,1.63785,23.06,[tp 1.63786]
1773138115,EURAUD,0,0.05,1.63785,23.06,[tp 1.63786]
1773138115,EURAUD,0,0.05,1.63785,23.06,[tp 1.63784]
1773138115,EURAUD,0,0.05,1.63785,23.06,[tp 1.63784]
1773138257,ETHUSD,1,0.05,2052.5,0.0,LHN_ALFA_A20R15_
1773138257,ETHUSD,1,0.05,2052.5,0.0,LHN_ALFA_A28R15_
1773138257,ETHUSD,1,0.05,2052.5,0.0,LHN_ALFA_A15R15_
1773138257,ETHUSD,1,0.05,2052.5,0.0,LHN_ALFA_A28R15_
1773138257,ETHUSD,1,0.05,2052.5,0.0,LHN_ALFA_A15R15_
1773138259,ETHUSD,1,0.05,2052.42,0.0,LHN_ALFA_A15R15_
1773138260,ETHUSD,1,0.05,2052.42,0.0,LHN_ALFA_A20R15_
1773138260,ETHUSD,1,0.05,2052.29,0.0,LHN_ALFA_A25R15_
1773138260,ETHUSD,1,0.05,2052.29,0.0,LHN_ALFA_A25R15_
1773138352,AUDJPY,0,0.05,111.956,-8.58,[sl 111.956]
1773138352,AUDJPY,0,0.05,111.958,-8.51,[sl 111.958]
1773138356,AUDJPY,0,0.05,111.968,-8.55,[sl 111.968]
1773138356,AUDJPY,0,0.05,111.968,-8.55,[sl 111.968]
1773138356,AUDJPY,0,0.05,111.968,-8.55,[sl 111.968]
1773138356,AUDJPY,0,0.05,111.968,-8.55,[sl 111.968]
1773138455,CADJPY,1,0.05,115.974,0.0,LHN_ALFA_A15R15_
1773138455,CADJPY,1,0.05,115.974,0.0,LHN_ALFA_A20R15_
1773138458,CADJPY,1,0.05,115.973,0.0,LHN_ALFA_A20R15_
1773138460,CADJPY,1,0.05,115.968,0.0,LHN_ALFA_A15R15_
1773138460,CADJPY,1,0.05,115.968,0.0,LHN_ALFA_A15R15_
1773138460,CADJPY,1,0.05,115.968,0.0,LHN_ALFA_A25R15_
1773139513,NZDUSD,0,0.05,0.59409,0.0,LHN_ALFA_A15R15_
1773139519,NZDUSD,0,0.05,0.59413,0.0,LHN_ALFA_A20R15_
1773139519,NZDUSD,0,0.05,0.59413,0.0,LHN_ALFA_A25R15_
1773139519,NZDUSD,0,0.05,0.59413,0.0,LHN_ALFA_A15R15_
1773139519,NZDUSD,0,0.05,0.59413,0.0,LHN_ALFA_A20R15_
1773140464,GBPUSD,0,0.05,1.34812,-22.35,[sl 1.34812]
1773140464,GBPUSD,0,0.05,1.34812,-22.35,[sl 1.34812]
1773140464,GBPUSD,0,0.05,1.34812,-22.35,[sl 1.34812]
1773140478,GBPUSD,0,0.05,1.34815,-22.2,[sl 1.34814]
1773140478,GBPUSD,0,0.05,1.34815,-22.2,[sl 1.34814]
1773140478,GBPUSD,0,0.05,1.34815,-22.2,[sl 1.34814]
1773140478,GBPUSD,0,0.05,1.34815,-22.2,[sl 1.34814]
1773140478,GBPUSD,0,0.05,1.34815,-22.5,[sl 1.34813]
1773140478,GBPUSD,0,0.05,1.34815,-22.2,[sl 1.34814]
1773140478,GBPUSD,0,0.05,1.34815,-22.2,[sl 1.34814]
1773140478,GBPUSD,0,0.05,1.34815,-22.5,[sl 1.34813]
1773140478,GBPUSD,0,0.05,1.34815,-22.5,[sl 1.34813]
1773140478,GBPUSD,0,0.05,1.34815,-22.5,[sl 1.34813]
1773140478,GBPUSD,0,0.05,1.34816,-22.25,[sl 1.34816]
1773140479,GBPUSD,0,0.05,1.34817,-22.15,[sl 1.34817]
1773140481,GBPUSD,0,0.05,1.34823,-22.45,[sl 1.34819]
1773140481,GBPUSD,0,0.05,1.34823,-22.45,[sl 1.34821]
1773140481,GBPUSD,0,0.05,1.34823,-22.45,[sl 1.34821]
1773140872,SOLUSD,0,0.05,87.03,0.0,LHN_ALFA_A15R15_
1773140872,SOLUSD,0,0.05,87.04,0.0,LHN_ALFA_A20R15_
1773140872,SOLUSD,0,0.05,87.06,0.0,LHN_ALFA_A28R15_
1773140872,SOLUSD,0,0.05,87.06,0.0,LHN_ALFA_A25R15_
1773140872,SOLUSD,0,0.05,87.06,0.0,LHN_ALFA_A25R15_
1773140873,SOLUSD,0,0.05,87.07,0.0,LHN_EXPL_A15R20_
1773140873,SOLUSD,0,0.05,87.07,0.0,LHN_ALFA_A28R15_
1773140873,SOLUSD,0,0.05,87.09,0.0,LHN_ALFA_A20R15_
1773140873,SOLUSD,0,0.05,87.09,0.0,LHN_ALFA_A25R15_
1773140873,SOLUSD,0,0.05,87.09,0.0,LHN_ALFA_A28R15_
1773140873,SOLUSD,0,0.05,87.09,0.0,LHN_ALFA_A20R15_
1773140873,SOLUSD,0,0.05,87.09,0.0,LHN_ALFA_A20R15_
1773140873,SOLUSD,0,0.05,87.09,0.0,LHN_ALFA_A15R15_
1773140873,SOLUSD,0,0.05,87.09,0.0,LHN_ALFA_A25R15_
1773140873,SOLUSD,0,0.05,87.09,0.0,LHN_ALFA_A28R15_
1773140873,SOLUSD,0,0.05,87.09,0.0,LHN_ALFA_A15R15_
1773140876,SOLUSD,0,0.05,87.13,0.0,LHN_ALFA_A15R15_
1773140883,SOLUSD,0,2.65,87.16,0.0,LHN_BETA_SNIPER
1773140931,BTCUSD,1,0.05,70871.37,115.07,[tp 70860.45]
1773140931,BTCUSD,1,0.05,70871.37,115.07,[tp 70859.90]
1773140931,BTCUSD,1,0.05,70871.37,114.86,[tp 70861.76]
1773142476,ETHUSD,1,0.05,2066.41,26.6,[tp 2065.70]
1773142476,ETHUSD,1,0.05,2066.12,26.09,[tp 2066.11]
1773142476,ETHUSD,1,0.05,2066.12,26.09,[tp 2065.95]
1773142476,ETHUSD,1,0.05,2066.12,26.09,[tp 2065.95]
1773143193,AUDJPY,1,0.05,112.024,20.69,[tp 112.024]
1773143194,AUDJPY,1,0.05,112.024,20.72,[tp 112.025]
1773143202,AUDJPY,1,0.05,112.026,20.72,[tp 112.026]
1773143657,EURGBP,0,0.05,0.86569,-5.85,[sl 0.86569]
1773143657,EURGBP,0,0.05,0.86569,-5.85,[sl 0.86569]
1773143657,EURGBP,0,0.05,0.86569,-5.85,[sl 0.86569]
1773143657,EURGBP,0,0.05,0.86569,-5.85,[sl 0.86569]
1773143657,EURGBP,0,0.05,0.86569,-5.85,[sl 0.86569]
1773143660,EURGBP,0,0.05,0.8657,-5.79,[sl 0.86570]
1773143660,EURGBP,0,0.05,0.86571,-5.79,[sl 0.86571]
1773143660,EURGBP,0,0.05,0.86571,-5.79,[sl 0.86571]
1773143660,EURGBP,0,0.05,0.86571,-5.79,[sl 0.86571]
1773143660,EURGBP,0,0.05,0.86571,-5.79,[sl 0.86571]
1773143660,EURGBP,0,0.05,0.86571,-5.79,[sl 0.86571]
1773143660,EURGBP,0,0.05,0.86571,-5.79,[sl 0.86571]
1773143660,EURGBP,0,0.05,0.86571,-5.79,[sl 0.86571]
1773143660,EURGBP,0,0.05,0.86571,-5.79,[sl 0.86571]
1773143660,EURGBP,0,0.05,0.86571,-5.79,[sl 0.86571]
1773143660,EURGBP,0,0.05,0.86571,-5.79,[sl 0.86571]
1773143660,EURGBP,0,0.05,0.86571,-5.79,[sl 0.86571]
1773143660,EURGBP,0,0.05,0.86571,-5.79,[sl 0.86571]
1773143660,EURGBP,0,0.05,0.86571,-5.79,[sl 0.86571]
1773143660,EURGBP,0,0.05,0.86571,-5.79,[sl 0.86571]
1773143660,EURGBP,0,0.05,0.86571,-5.79,[sl 0.86571]
1773143660,EURGBP,0,0.05,0.86571,-5.79,[sl 0.86571]
1773143660,EURGBP,0,0.05,0.86571,-5.79,[sl 0.86571]
1773143660,EURGBP,0,0.05,0.86571,-5.79,[sl 0.86571]
1773146330,NZDJPY,1,0.05,93.557,10.09,[tp 93.554]
1773147464,GBPAUD,0,0.05,1.89196,35.68,[tp 1.89197]
1773149799,EURNZD,1,0.05,1.96019,-10.09,[sl 1.96023]
1773149799,EURNZD,1,0.05,1.96019,-10.09,[sl 1.96023]
1773149799,EURNZD,1,0.05,1.96019,-9.97,[sl 1.96019]
1773149800,EURNZD,1,0.05,1.96019,-10.03,[sl 1.96019]
1773149810,CADJPY,0,0.05,116.249,-8.9,[sl 116.247]
1773149811,CADJPY,0,0.05,116.249,-8.9,[sl 116.248]
1773149811,CADJPY,0,0.05,116.249,-8.74,[sl 116.249]
1773149811,CADJPY,0,0.05,116.249,-8.9,[sl 116.248]
1773149900,CADJPY,0,0.05,116.252,-8.8,[sl 116.251]
1773149900,CADJPY,0,0.05,116.252,-8.8,[sl 116.250]
1773150085,EURNZD,1,0.05,1.96018,-10.0,[sl 1.96018]
1773150085,EURNZD,1,0.05,1.96018,-10.06,[sl 1.96018]
1773152700,USDCAD,1,1.73,1.35623,-426.05,[sl 1.35625]
1773154024,USDCAD,0,0.05,1.35596,10.66,[tp 1.35596]
1773154054,USDCAD,0,0.05,1.35591,10.62,[tp 1.35591]
1773154054,USDCAD,0,0.05,1.35591,10.62,[tp 1.35592]
1773154054,USDCAD,0,0.05,1.35591,10.62,[tp 1.35592]
1773154337,NZDJPY,1,0.05,93.764,16.64,[tp 93.763]
1773157329,USDCAD,0,0.05,1.35488,14.39,[tp 1.35492]
1773157331,EURNZD,0,0.05,1.9583,14.93,[tp 1.95830]
1773157335,EURNZD,0,0.05,1.95828,14.93,[tp 1.95829]
1773157335,EURNZD,0,0.05,1.95828,14.96,[tp 1.95829]
1773157344,EURNZD,0,0.05,1.95826,14.99,[tp 1.95827]
1773157344,EURNZD,0,0.05,1.95826,14.9,[tp 1.95827]
1773157344,EURNZD,0,0.05,1.95826,14.9,[tp 1.95827]
1773157344,EURNZD,0,0.05,1.95826,14.9,[tp 1.95827]
1773157344,EURNZD,0,0.05,1.95826,14.9,[tp 1.95827]
1773157364,USDCAD,0,0.05,1.35464,17.75,[tp 1.35464]
1773157367,USDCAD,0,0.05,1.35463,17.79,[tp 1.35463]
1773157367,USDCAD,0,0.05,1.35463,17.79,[tp 1.35463]
1773157390,EURNZD,0,0.05,1.9582,15.08,[tp 1.95824]
1773157390,EURNZD,0,0.05,1.9582,15.08,[tp 1.95824]
1773162072,SOLUSD,1,2.65,85.66,-397.5,[sl 85.67]
1773162073,SOLUSD,1,0.05,85.65,-7.4,[sl 85.65]
1773162074,SOLUSD,1,0.05,85.61,-7.4,[sl 85.61]
1773162074,SOLUSD,1,0.05,85.61,-7.4,[sl 85.61]
1773162074,SOLUSD,1,0.05,85.61,-7.4,[sl 85.61]
1773162074,SOLUSD,1,0.05,85.61,-7.4,[sl 85.61]
1773162074,SOLUSD,1,0.05,85.61,-7.4,[sl 85.61]
1773162074,SOLUSD,1,0.05,85.61,-7.4,[sl 85.61]
1773162074,SOLUSD,1,0.05,85.6,-7.45,[sl 85.60]
1773162074,SOLUSD,1,0.05,85.6,-7.45,[sl 85.59]
1773162074,SOLUSD,1,0.05,85.6,-7.45,[sl 85.60]
1773162080,SOLUSD,1,0.05,85.57,-7.5,[sl 85.57]
1773162080,SOLUSD,1,0.05,85.57,-7.5,[sl 85.57]
1773162080,SOLUSD,1,0.05,85.54,-7.6,[sl 85.56]
1773162080,SOLUSD,1,0.05,85.54,-7.45,[sl 85.55]
1773162080,SOLUSD,1,0.05,85.54,-7.6,[sl 85.56]
1773162080,SOLUSD,1,0.05,85.54,-7.6,[sl 85.56]
1773162080,SOLUSD,1,0.05,85.54,-7.5,[sl 85.55]
1773162932,BTCUSD,1,0.39,69297.72,-405.9,[sl 69339.59]
1773162932,BTCUSD,1,0.05,69297.72,-52.64,[sl 69334.09]
1773162932,BTCUSD,1,0.05,69297.72,-52.64,[sl 69334.09]
1773162932,BTCUSD,1,0.05,69297.72,-52.64,[sl 69334.09]
1773162932,BTCUSD,1,0.05,69297.72,-52.64,[sl 69334.09]
1773162932,BTCUSD,1,0.05,69297.72,-52.64,[sl 69334.09]
1773162932,BTCUSD,1,0.05,69297.72,-52.64,[sl 69334.09]
1773162932,BTCUSD,1,0.05,69297.72,-52.64,[sl 69334.09]
1773162932,BTCUSD,1,0.05,69297.72,-52.64,[sl 69334.09]
1773162932,BTCUSD,1,0.05,69297.72,-52.64,[sl 69334.09]
1773162932,BTCUSD,1,0.05,69297.72,-52.64,[sl 69334.09]
1773162932,BTCUSD,1,0.05,69297.72,-52.64,[sl 69334.09]
1773162932,BTCUSD,1,0.05,69297.72,-52.64,[sl 69334.09]
1773162932,BTCUSD,1,0.05,69297.72,-52.64,[sl 69334.09]
1773162932,BTCUSD,1,0.05,69297.72,-52.64,[sl 69334.09]
1773162932,BTCUSD,1,0.05,69297.72,-52.64,[sl 69334.09]
1773162932,BTCUSD,1,0.05,69297.72,-52.64,[sl 69334.09]
1773162932,BTCUSD,1,0.05,69297.72,-52.64,[sl 69334.09]
1773162932,BTCUSD,1,0.05,69297.72,-52.64,[sl 69334.09]
1773162932,BTCUSD,1,0.05,69297.72,-52.64,[sl 69334.09]
1773162932,BTCUSD,1,0.05,69297.72,-52.64,[sl 69334.09]
1773162932,BTCUSD,1,0.05,69297.72,-52.55,[sl 69334.09]
1773162932,BTCUSD,1,0.05,69297.72,-52.64,[sl 69334.09]
1773162932,BTCUSD,1,0.05,69312.5,-51.9,[sl 69334.09]
1773162932,BTCUSD,1,0.05,69312.5,-51.9,[sl 69334.09]
1773162932,BTCUSD,1,0.05,69312.5,-51.9,[sl 69334.09]
1773162932,BTCUSD,1,0.05,69312.5,-51.9,[sl 69334.09]
1773162932,BTCUSD,1,0.05,69312.5,-51.9,[sl 69334.09]
1773162932,BTCUSD,1,0.05,69312.5,-51.9,[sl 69334.09]
1773162932,BTCUSD,1,0.05,69312.5,-51.9,[sl 69334.09]
1773162932,BTCUSD,1,0.05,69312.5,-51.9,[sl 69334.09]
1773164235,EURAUD,0,0.05,1.63358,38.52,[tp 1.63358]
1773164235,EURAUD,0,0.05,1.63358,38.52,[tp 1.63358]
1773164235,EURAUD,0,0.05,1.63358,38.52,[tp 1.63358]
1773164235,EURAUD,0,0.05,1.63358,38.52,[tp 1.63358]
1773164235,EURAUD,0,0.05,1.63358,38.52,[tp 1.63358]
1773164578,EURNZD,0,0.05,1.95817,14.81,[tp 1.95817]
1773164578,EURNZD,0,0.05,1.95817,14.81,[tp 1.95817]
1773164722,NZDJPY,0,0.05,93.83,-6.85,[sl 93.831]
1773164722,NZDJPY,0,0.05,93.83,-6.85,[sl 93.831]
1773164787,EURNZD,0,0.05,1.95658,20.06,[tp 1.95661]
1773164787,EURNZD,0,0.05,1.95658,20.15,[tp 1.95663]
1773164787,EURNZD,0,0.05,1.95658,20.06,[tp 1.95661]
1773165367,BTCUSD,0,0.05,71285.17,-51.93,[sl 71273.72]
1773165367,BTCUSD,0,0.05,71285.17,-50.98,[sl 71278.56]
1773165367,BTCUSD,0,0.05,71285.17,-51.22,[sl 71279.84]
1773165367,BTCUSD,0,0.05,71285.17,-50.98,[sl 71279.86]
1773165367,BTCUSD,0,0.05,71285.17,-51.93,[sl 71273.74]
1773165367,BTCUSD,0,0.05,71285.17,-51.22,[sl 71278.45]
1773165367,BTCUSD,0,0.05,71285.17,-50.91,[sl 71279.64]
1773170473,ETHUSD,0,0.05,2087.76,-17.67,[sl 2087.20]
1773170473,ETHUSD,0,0.05,2087.76,-17.74,[sl 2087.12]
1773170473,ETHUSD,0,0.05,2087.76,-17.74,[sl 2087.11]
1773170473,ETHUSD,0,0.05,2087.76,-17.63,[sl 2087.26]
1773170473,ETHUSD,0,0.05,2087.76,-17.63,[sl 2087.26]
1773170473,ETHUSD,0,0.05,2087.76,-17.63,[sl 2087.26]
1773170473,ETHUSD,0,0.05,2087.76,-17.67,[sl 2087.21]
1773170473,ETHUSD,0,0.05,2087.51,-17.51,[sl 2087.26]
1773170473,ETHUSD,0,0.05,2087.51,-17.51,[sl 2087.26]
