Ticket,Open,Type,Volume,Symbol,Price,SL,TP,Close,Price,Swap,Commissions,Profit,Pips,"Trade duration in seconds"
402279346,"2026-03-13 22:48:43",sell,0.01,XAUUSD,5015.24000000,5070.68,4917.11000000,"2026-03-16 02:53:53",4984.63000000,0.2,-0.07,30.61000000,30.6,187510
402279344,"2026-03-13 22:48:43",sell,0.01,XAUUSD,5015.24000000,5056.65,4941.48000000,"2026-03-16 02:53:53",4984.63000000,0.2,-0.07,30.61000000,30.6,187510
402279341,"2026-03-13 22:48:40",sell,0.01,XAUUSD,5015.54000000,5070.41,4933.29000000,"2026-03-16 02:53:53",4984.63000000,0.2,-0.07,30.91000000,30.9,187513
402279339,"2026-03-13 22:48:40",sell,0.01,XAUUSD,5015.54000000,5056.67,4953.84000000,"2026-03-16 02:53:53",4984.63000000,0.2,-0.07,30.91000000,30.9,187513
402123768,"2026-03-13 18:41:20",buy,0.01,XAUUSD,5054.08000000,4960.23,5194.21000000,"2026-03-16 02:53:53",4983.95000000,-0.85,-0.07,-70.13000000,-70.1,202353
400718745,"2026-03-11 23:45:33",buy,0.01,USDJPY,158.97100000,158.37,160.45000000,"2026-03-16 02:53:53",159.55500000,0.09,-0.06,3.66000000,58.4,356900
400718744,"2026-03-11 23:45:33",buy,0.01,USDJPY,158.97100000,158.37,160.45000000,"2026-03-16 02:53:53",159.55500000,0.09,-0.06,3.66000000,58.4,356900
400718743,"2026-03-11 23:45:33",buy,0.01,USDJPY,158.97100000,158.37,160.45000000,"2026-03-16 02:53:53",159.55500000,0.09,-0.06,3.66000000,58.4,356900
400718628,"2026-03-11 23:44:59",buy,0.01,USDJPY,158.97100000,158.373,160.03700000,"2026-03-16 02:53:53",159.55500000,0.09,-0.06,3.66000000,58.4,356934
400718627,"2026-03-11 23:44:59",buy,0.01,USDJPY,158.97100000,158.373,160.03700000,"2026-03-16 02:53:53",159.55500000,0.09,-0.06,3.66000000,58.4,356934
400718626,"2026-03-11 23:44:59",buy,0.01,USDJPY,158.97100000,158.374,160.03800000,"2026-03-16 02:53:53",159.55500000,0.09,-0.06,3.66000000,58.4,356934
400718545,"2026-03-11 23:44:41",buy,0.01,USDJPY,158.97100000,158.374,159.86000000,"2026-03-16 02:53:53",159.55500000,0.09,-0.06,3.66000000,58.4,356952
400718543,"2026-03-11 23:44:41",buy,0.01,USDJPY,158.97100000,158.374,159.86000000,"2026-03-16 02:53:53",159.55500000,0.09,-0.06,3.66000000,58.4,356952
400718541,"2026-03-11 23:44:41",buy,0.01,USDJPY,158.97100000,158.374,159.86000000,"2026-03-16 02:53:53",159.55500000,0.09,-0.06,3.66000000,58.4,356952
402167548,"2026-03-13 19:36:35",sell,5.47,USDCAD,1.37345000,1.37615,1.36950000,"2026-03-16 02:53:53",1.37113000,-47.8,-27.36,925.54000000,23.2,199038
402094819,"2026-03-13 18:10:27",buy,0.01,USDCAD,1.37200000,1.36772,1.38911000,"2026-03-16 02:53:53",1.37109000,0.01,-0.06,-0.66000000,-9.1,204206
402094810,"2026-03-13 18:10:27",buy,0.01,USDCAD,1.37200000,1.36943,1.38226000,"2026-03-16 02:53:53",1.37109000,0.01,-0.06,-0.66000000,-9.1,204206
402094799,"2026-03-13 18:10:27",buy,0.01,USDCAD,1.37200000,1.36772,1.38483000,"2026-03-16 02:53:53",1.37109000,0.01,-0.06,-0.66000000,-9.1,204206
402094790,"2026-03-13 18:10:27",buy,0.01,USDCAD,1.37203000,1.36944,1.37971000,"2026-03-16 02:53:53",1.37109000,0.01,-0.06,-0.69000000,-9.4,204206
402094773,"2026-03-13 18:10:27",buy,0.01,USDCAD,1.37203000,1.36517,1.38227000,"2026-03-16 02:53:53",1.37109000,0.01,-0.06,-0.69000000,-9.4,204206
402094762,"2026-03-13 18:10:27",buy,0.01,USDCAD,1.37200000,1.36687,1.37970000,"2026-03-16 02:53:53",1.37109000,0.01,-0.06,-0.66000000,-9.1,204206
402094743,"2026-03-13 18:10:06",buy,0.01,USDCAD,1.37197000,1.36769,1.37839000,"2026-03-16 02:53:53",1.37109000,0.01,-0.06,-0.64000000,-8.8,204227
402094703,"2026-03-13 18:10:06",buy,0.01,USDCAD,1.37196000,1.36854,1.37709000,"2026-03-16 02:53:53",1.37109000,0.01,-0.06,-0.63000000,-8.7,204227
402094689,"2026-03-13 18:10:27",buy,0.01,USDCAD,1.37200000,1.36892,1.37662000,"2026-03-16 02:53:53",1.37109000,0.01,-0.06,-0.66000000,-9.1,204206
402094670,"2026-03-13 18:10:27",buy,0.01,USDCAD,1.37200000,1.36943,1.37585000,"2026-03-16 02:53:53",1.37109000,0.01,-0.06,-0.66000000,-9.1,204206
402094654,"2026-03-13 18:10:27",buy,0.01,USDCAD,1.37200000,1.36995,1.37508000,"2026-03-16 02:53:53",1.37109000,0.01,-0.06,-0.66000000,-9.1,204206
402094637,"2026-03-13 18:10:27",buy,0.01,USDCAD,1.37200000,1.37029,1.37457000,"2026-03-16 02:53:53",1.37109000,0.01,-0.06,-0.66000000,-9.1,204206
402094619,"2026-03-13 18:10:27",buy,0.01,USDCAD,1.37200000,1.36858,1.38055000,"2026-03-16 02:53:53",1.37109000,0.01,-0.06,-0.66000000,-9.1,204206
402094590,"2026-03-13 18:10:27",buy,0.01,USDCAD,1.37203000,1.36944,1.37843000,"2026-03-16 02:53:53",1.37109000,0.01,-0.06,-0.69000000,-9.4,204206
402094571,"2026-03-13 18:10:27",buy,0.01,USDCAD,1.37203000,1.36859,1.37885000,"2026-03-16 02:53:53",1.37109000,0.01,-0.06,-0.69000000,-9.4,204206
402094536,"2026-03-13 18:10:27",buy,0.01,USDCAD,1.37203000,1.36944,1.37714000,"2026-03-16 02:53:53",1.37109000,0.01,-0.06,-0.69000000,-9.4,204206
402094519,"2026-03-13 18:10:27",buy,0.01,USDCAD,1.37203000,1.36859,1.37817000,"2026-03-16 02:53:53",1.37109000,0.01,-0.06,-0.69000000,-9.4,204206
402094511,"2026-03-13 18:10:27",buy,0.01,USDCAD,1.37200000,1.36943,1.37662000,"2026-03-16 02:53:53",1.37109000,0.01,-0.06,-0.66000000,-9.1,204206
402094496,"2026-03-13 18:10:27",buy,0.01,USDCAD,1.37203000,1.3686,1.37715000,"2026-03-16 02:53:53",1.37109000,0.01,-0.06,-0.69000000,-9.4,204206
402094469,"2026-03-13 18:10:27",buy,0.01,USDCAD,1.37203000,1.36945,1.37587000,"2026-03-16 02:53:53",1.37109000,0.01,-0.06,-0.69000000,-9.4,204206
401922567,"2026-03-13 15:51:11",buy,0.01,USDCAD,1.36977000,1.36637,1.38316000,"2026-03-16 02:53:53",1.37109000,0.01,-0.06,0.96000000,13.2,212562
401922562,"2026-03-13 15:51:11",buy,0.01,USDCAD,1.36977000,1.36772,1.37779000,"2026-03-16 02:53:53",1.37109000,0.01,-0.06,0.96000000,13.2,212562
401922554,"2026-03-13 15:51:10",buy,0.01,USDCAD,1.36972000,1.36635,1.37978000,"2026-03-16 02:53:53",1.37109000,0.01,-0.06,1.00000000,13.7,212563
401922545,"2026-03-13 15:51:10",buy,0.01,USDCAD,1.36970000,1.36769,1.37574000,"2026-03-16 02:53:53",1.37109000,0.01,-0.06,1.01000000,13.9,212563
401922538,"2026-03-13 15:51:10",buy,0.01,USDCAD,1.36970000,1.36433,1.37776000,"2026-03-16 02:53:53",1.37109000,0.01,-0.06,1.01000000,13.9,212563
401922516,"2026-03-13 15:51:10",buy,0.01,USDCAD,1.36972000,1.36568,1.37575000,"2026-03-16 02:53:53",1.37109000,0.01,-0.06,1.00000000,13.7,212563
401922474,"2026-03-13 15:51:08",buy,0.01,USDCAD,1.36969000,1.36632,1.37472000,"2026-03-16 02:53:53",1.37109000,0.01,-0.06,1.02000000,14,212565
401922389,"2026-03-13 15:50:12",buy,0.01,USDCAD,1.36967000,1.36698,1.37638000,"2026-03-16 02:53:53",1.37109000,0.01,-0.06,1.04000000,14.2,212621
401922372,"2026-03-13 15:50:12",buy,0.01,USDCAD,1.36967000,1.36766,1.37471000,"2026-03-16 02:53:53",1.37109000,0.01,-0.06,1.04000000,14.2,212621
401922358,"2026-03-13 15:50:10",buy,0.01,USDCAD,1.36966000,1.36696,1.37502000,"2026-03-16 02:53:53",1.37109000,0.01,-0.06,1.04000000,14.3,212623
401922302,"2026-03-13 15:50:12",buy,0.01,USDCAD,1.36967000,1.36698,1.37450000,"2026-03-16 02:53:53",1.37109000,0.01,-0.06,1.04000000,14.2,212621
402463619,"2026-03-16 00:20:38",buy,0.01,SOLUSD,88.78000000,87.31,93.23000000,"2026-03-16 02:53:53",92.03000000,0,-0.06,3.25000000,3.3,9195
402457714,"2026-03-15 22:26:53",buy,0.01,SOLUSD,88.19000000,86.83,93.63000000,"2026-03-16 02:53:53",92.03000000,0,-0.06,3.84000000,3.8,16020
402120728,"2026-03-13 18:42:06",sell,0.01,SOLUSD,89.82000000,94.28,83.18000000,"2026-03-16 02:53:53",92.06000000,-0.22,-0.06,-2.24000000,-2.2,202307
402485451,"2026-03-16 01:30:18",buy,0.01,NZDJPY,92.33800000,91.644,93.37900000,"2026-03-16 02:53:53",92.48400000,0,-0.06,0.92000000,14.6,5015
402485449,"2026-03-16 01:30:18",buy,0.01,NZDJPY,92.33800000,91.818,93.11800000,"2026-03-16 02:53:53",92.48400000,0,-0.06,0.92000000,14.6,5015
402485448,"2026-03-16 01:30:18",buy,0.01,NZDJPY,92.33800000,91.904,92.98800000,"2026-03-16 02:53:53",92.48400000,0,-0.06,0.92000000,14.6,5015
402485443,"2026-03-16 01:30:18",buy,0.01,NZDJPY,92.33800000,91.991,92.85800000,"2026-03-16 02:53:53",92.48400000,0,-0.06,0.92000000,14.6,5015
402485441,"2026-03-16 01:30:18",buy,0.01,NZDJPY,92.33800000,92.026,92.80600000,"2026-03-16 02:53:53",92.48400000,0,-0.06,0.92000000,14.6,5015
402485440,"2026-03-16 01:30:18",buy,0.01,NZDJPY,92.33800000,92.078,92.72800000,"2026-03-16 02:53:53",92.48400000,0,-0.06,0.92000000,14.6,5015
402485439,"2026-03-16 01:30:18",buy,0.01,NZDJPY,92.33800000,92.13,92.65000000,"2026-03-16 02:53:53",92.48400000,0,-0.06,0.92000000,14.6,5015
402485438,"2026-03-16 01:30:18",buy,0.01,NZDJPY,92.33800000,92.165,92.59800000,"2026-03-16 02:53:53",92.48400000,0,-0.06,0.92000000,14.6,5015
402485437,"2026-03-16 01:30:18",buy,0.01,NZDJPY,92.33800000,91.991,93.20500000,"2026-03-16 02:53:53",92.48400000,0,-0.06,0.92000000,14.6,5015
402485436,"2026-03-16 01:30:18",buy,0.01,NZDJPY,92.33800000,92.078,92.98800000,"2026-03-16 02:53:53",92.48400000,0,-0.06,0.92000000,14.6,5015
402485435,"2026-03-16 01:30:18",buy,0.01,NZDJPY,92.33800000,91.991,93.03200000,"2026-03-16 02:53:53",92.48400000,0,-0.06,0.92000000,14.6,5015
402485434,"2026-03-16 01:30:18",buy,0.01,NZDJPY,92.33800000,92.078,92.85800000,"2026-03-16 02:53:53",92.48400000,0,-0.06,0.92000000,14.6,5015
402485432,"2026-03-16 01:30:18",buy,0.01,NZDJPY,92.33800000,92.078,92.80600000,"2026-03-16 02:53:53",92.48400000,0,-0.06,0.92000000,14.6,5015
402485433,"2026-03-16 01:30:18",buy,0.01,NZDJPY,92.33800000,91.991,92.96200000,"2026-03-16 02:53:53",92.48400000,0,-0.06,0.92000000,14.6,5015
402485430,"2026-03-16 01:30:18",buy,0.01,NZDJPY,92.33800000,92.078,92.72800000,"2026-03-16 02:53:53",92.48400000,0,-0.06,0.92000000,14.6,5015
402485431,"2026-03-16 01:30:18",buy,0.01,NZDJPY,92.33800000,91.991,92.85800000,"2026-03-16 02:53:53",92.48400000,0,-0.06,0.92000000,14.6,5015
402485423,"2026-03-16 01:27:53",sell,13.36,NZDJPY,92.28900000,92.554,91.51400000,"2026-03-16 02:53:53",92.49800000,0,-66.8,-1749.95000000,-20.9,5160
402485421,"2026-03-16 01:27:53",sell,13.36,NZDJPY,92.28900000,92.554,91.77400000,"2026-03-16 02:53:53",92.49800000,0,-66.8,-1749.95000000,-20.9,5160
402485420,"2026-03-16 01:27:53",sell,13.36,NZDJPY,92.28900000,92.554,91.90400000,"2026-03-16 02:53:53",92.49800000,0,-66.8,-1749.95000000,-20.9,5160
402485419,"2026-03-16 01:27:53",sell,6.68,NZDJPY,92.28900000,92.554,91.90400000,"2026-03-16 02:53:53",92.49800000,0,-33.4,-874.98000000,-20.9,5160
402485418,"2026-03-16 01:27:53",sell,6.68,NZDJPY,92.28900000,92.554,91.90400000,"2026-03-16 02:53:53",92.49800000,0,-33.4,-874.98000000,-20.9,5160
402485416,"2026-03-16 01:27:53",sell,6.68,NZDJPY,92.28900000,92.554,91.90400000,"2026-03-16 02:53:53",92.49800000,0,-33.4,-874.98000000,-20.9,5160
402299914,"2026-03-13 23:45:00",buy,6.32,GBPUSD,1.32219000,1.32229,1.32750000,"2026-03-16 02:53:53",1.32443000,-30.97,-31.6,1415.68000000,22.4,184133
402299912,"2026-03-13 23:45:00",buy,3.16,GBPUSD,1.32219000,1.3186,1.32750000,"2026-03-16 02:53:53",1.32443000,-15.48,-15.8,707.84000000,22.4,184133
402105127,"2026-03-13 18:23:31",sell,0.01,GBPUSD,1.32485000,1.33041,1.30265000,"2026-03-16 02:53:53",1.32448000,-0.05,-0.06,0.37000000,3.7,203422
402105103,"2026-03-13 18:23:31",sell,0.01,GBPUSD,1.32487000,1.32822,1.31156000,"2026-03-16 02:53:53",1.32448000,-0.05,-0.06,0.39000000,3.9,203422
402105092,"2026-03-13 18:23:31",sell,0.01,GBPUSD,1.32485000,1.3304,1.30819000,"2026-03-16 02:53:53",1.32448000,-0.05,-0.06,0.37000000,3.7,203422
402105079,"2026-03-13 18:23:31",sell,0.01,GBPUSD,1.32484000,1.32817,1.31484000,"2026-03-16 02:53:53",1.32448000,-0.05,-0.06,0.36000000,3.6,203422
402105069,"2026-03-13 18:23:31",sell,0.01,GBPUSD,1.32483000,1.33372,1.31150000,"2026-03-16 02:53:53",1.32448000,-0.05,-0.06,0.35000000,3.5,203422
402105035,"2026-03-13 18:23:32",sell,0.01,GBPUSD,1.32482000,1.33148,1.31482000,"2026-03-16 02:53:53",1.32448000,-0.05,-0.06,0.34000000,3.4,203421
402105006,"2026-03-13 18:23:32",sell,0.01,GBPUSD,1.32482000,1.33037,1.31649000,"2026-03-16 02:53:53",1.32448000,-0.05,-0.06,0.34000000,3.4,203421
402104976,"2026-03-13 18:23:31",sell,0.01,GBPUSD,1.32484000,1.32928,1.31818000,"2026-03-16 02:53:53",1.32448000,-0.05,-0.06,0.36000000,3.6,203422
402104954,"2026-03-13 18:23:31",sell,0.01,GBPUSD,1.32485000,1.32885,1.31885000,"2026-03-16 02:53:53",1.32448000,-0.05,-0.06,0.37000000,3.7,203422
402104932,"2026-03-13 18:23:31",sell,0.01,GBPUSD,1.32485000,1.32818,1.31985000,"2026-03-16 02:53:53",1.32448000,-0.05,-0.06,0.37000000,3.7,203422
402104924,"2026-03-13 18:23:31",sell,0.01,GBPUSD,1.32484000,1.32751,1.32084000,"2026-03-16 02:53:53",1.32448000,-0.05,-0.06,0.36000000,3.6,203422
402104915,"2026-03-13 18:23:31",sell,0.01,GBPUSD,1.32487000,1.32709,1.32154000,"2026-03-16 02:53:53",1.32448000,-0.05,-0.06,0.39000000,3.9,203422
402104890,"2026-03-13 18:23:31",sell,0.01,GBPUSD,1.32487000,1.32932,1.31377000,"2026-03-16 02:53:53",1.32448000,-0.05,-0.06,0.39000000,3.9,203422
402104880,"2026-03-13 18:20:23",sell,0.01,GBPUSD,1.32491000,1.32824,1.31658000,"2026-03-16 02:53:53",1.32448000,-0.05,-0.06,0.43000000,4.3,203610
402104871,"2026-03-13 18:20:27",sell,0.01,GBPUSD,1.32490000,1.32934,1.31601000,"2026-03-16 02:53:53",1.32448000,-0.05,-0.06,0.42000000,4.2,203606
402104857,"2026-03-13 18:23:31",sell,0.01,GBPUSD,1.32487000,1.3282,1.31821000,"2026-03-16 02:53:53",1.32448000,-0.05,-0.06,0.39000000,3.9,203422
402104845,"2026-03-13 18:23:31",sell,0.01,GBPUSD,1.32487000,1.32931,1.31687000,"2026-03-16 02:53:53",1.32448000,-0.05,-0.06,0.39000000,3.9,203422
402104829,"2026-03-13 18:23:36",sell,0.01,GBPUSD,1.32475000,1.32812,1.31879000,"2026-03-16 02:53:53",1.32448000,-0.05,-0.06,0.27000000,2.7,203417
402104818,"2026-03-13 18:23:36",sell,0.01,GBPUSD,1.32475000,1.32924,1.31814000,"2026-03-16 02:53:53",1.32448000,-0.05,-0.06,0.27000000,2.7,203417
402104807,"2026-03-13 18:23:36",sell,0.01,GBPUSD,1.32475000,1.32811,1.31978000,"2026-03-16 02:53:53",1.32448000,-0.05,-0.06,0.27000000,2.7,203417
402229250,"2026-03-13 21:08:47",buy,0.01,GBPJPY,211.44800000,210.789,212.76600000,"2026-03-16 02:53:53",211.31600000,0.03,-0.06,-0.83000000,-13.2,193506
402226439,"2026-03-13 21:02:41",sell,6.96,GBPJPY,211.38100000,211.879,209.40800000,"2026-03-16 02:53:53",211.34000000,-119.16,-34.8,178.84000000,4.1,193872
402226430,"2026-03-13 21:02:41",sell,6.96,GBPJPY,211.37600000,211.877,209.90000000,"2026-03-16 02:53:53",211.34000000,-119.16,-34.8,157.03000000,3.6,193872
402162447,"2026-03-13 19:14:19",buy,0.01,GBPAUD,1.89066000,1.88173,1.90401000,"2026-03-16 02:53:53",1.89063000,-0.06,-0.06,-0.02000000,-0.3,200374
402162323,"2026-03-13 19:14:11",buy,0.01,GBPAUD,1.89073000,1.88356,1.90139000,"2026-03-16 02:53:53",1.89063000,-0.06,-0.06,-0.07000000,-1,200382
402162303,"2026-03-13 19:14:09",buy,0.01,GBPAUD,1.89072000,1.88535,1.89872000,"2026-03-16 02:53:53",1.89063000,-0.06,-0.06,-0.06000000,-0.9,200384
402095925,"2026-03-13 18:10:30",buy,0.01,GBPAUD,1.88712000,1.87862,1.91263000,"2026-03-16 02:53:53",1.89063000,-0.06,-0.06,2.46000000,35.1,204203
402095901,"2026-03-13 18:10:30",buy,0.01,GBPAUD,1.88712000,1.88202,1.90243000,"2026-03-16 02:53:53",1.89063000,-0.06,-0.06,2.46000000,35.1,204203
402095795,"2026-03-13 18:10:30",buy,0.01,GBPAUD,1.88712000,1.88032,1.89732000,"2026-03-16 02:53:53",1.89063000,-0.06,-0.06,2.46000000,35.1,204203
402095769,"2026-03-13 18:10:30",buy,0.01,GBPAUD,1.88712000,1.88202,1.89477000,"2026-03-16 02:53:53",1.89063000,-0.06,-0.06,2.46000000,35.1,204203
402095305,"2026-03-13 18:09:54",buy,0.01,GBPAUD,1.88726000,1.87874,1.92125000,"2026-03-16 02:53:53",1.89063000,-0.06,-0.06,2.36000000,33.7,204239
402095293,"2026-03-13 18:11:23",buy,0.01,GBPAUD,1.88730000,1.88217,1.90768000,"2026-03-16 02:53:53",1.89063000,-0.06,-0.06,2.33000000,33.3,204150
402095238,"2026-03-13 18:09:47",buy,0.01,GBPAUD,1.88728000,1.88211,1.90252000,"2026-03-16 02:53:53",1.89063000,-0.06,-0.06,2.35000000,33.5,204246
402095209,"2026-03-13 18:09:46",buy,0.01,GBPAUD,1.88724000,1.87698,1.90249000,"2026-03-16 02:53:53",1.89063000,-0.06,-0.06,2.37000000,33.9,204247
402095165,"2026-03-13 18:09:46",buy,0.01,GBPAUD,1.88724000,1.88041,1.89741000,"2026-03-16 02:53:53",1.89063000,-0.06,-0.06,2.37000000,33.9,204247
402095141,"2026-03-13 18:09:46",buy,0.01,GBPAUD,1.88724000,1.88212,1.89487000,"2026-03-16 02:53:53",1.89063000,-0.06,-0.06,2.37000000,33.9,204247
402095109,"2026-03-13 18:09:38",buy,0.01,GBPAUD,1.88722000,1.88041,1.90422000,"2026-03-16 02:53:53",1.89063000,-0.06,-0.06,2.39000000,34.1,204255
402095090,"2026-03-13 18:09:37",buy,0.01,GBPAUD,1.88722000,1.88042,1.90083000,"2026-03-16 02:53:53",1.89063000,-0.06,-0.06,2.39000000,34.1,204256
402095080,"2026-03-13 18:09:37",buy,0.01,GBPAUD,1.88722000,1.88211,1.89741000,"2026-03-16 02:53:53",1.89063000,-0.06,-0.06,2.39000000,34.1,204256
402095056,"2026-03-13 18:09:34",buy,0.01,GBPAUD,1.88721000,1.88208,1.89636000,"2026-03-16 02:53:53",1.89063000,-0.06,-0.06,2.40000000,34.2,204259
402095069,"2026-03-13 18:09:46",buy,0.01,GBPAUD,1.88724000,1.88043,1.89948000,"2026-03-16 02:53:53",1.89063000,-0.06,-0.06,2.37000000,33.9,204247
402095042,"2026-03-13 18:09:34",buy,0.01,GBPAUD,1.88721000,1.88037,1.89737000,"2026-03-16 02:53:53",1.89063000,-0.06,-0.06,2.40000000,34.2,204259
401921624,"2026-03-13 15:49:05",sell,8.18,EURUSD,1.14812000,1.14802,1.13838000,"2026-03-16 02:53:53",1.14340000,5.32,-40.9,3860.96000000,47.2,212688
402095032,"2026-03-13 18:09:34",buy,0.01,GBPAUD,1.88721000,1.88208,1.89483000,"2026-03-16 02:53:53",1.89063000,-0.06,-0.06,2.40000000,34.2,204259
401921613,"2026-03-13 15:49:05",sell,8.18,EURUSD,1.14812000,1.14569,1.14084000,"2026-03-16 02:53:53",1.14340000,5.32,-40.9,3860.96000000,47.2,212688
402506171,"2026-03-16 02:03:28",sell,0.01,ETHUSD,2187.71000000,2216.82,2100.45000000,"2026-03-16 02:53:53",2174.09000000,0,-0.14,1.36000000,13.6,3025
402506166,"2026-03-16 02:03:28",sell,0.01,ETHUSD,2187.71000000,2265.32,2071.37000000,"2026-03-16 02:53:53",2174.09000000,0,-0.14,1.36000000,13.6,3025
402506127,"2026-03-16 02:03:21",sell,0.01,ETHUSD,2187.94000000,2246.45,2100.99000000,"2026-03-16 02:53:53",2174.09000000,0,-0.14,1.39000000,13.9,3032
402506125,"2026-03-16 02:03:21",sell,0.01,ETHUSD,2187.94000000,2236.76,2115.54000000,"2026-03-16 02:53:53",2174.09000000,0,-0.14,1.39000000,13.9,3032
402506124,"2026-03-16 02:03:21",sell,0.01,ETHUSD,2187.94000000,2227.06,2130.09000000,"2026-03-16 02:53:53",2174.09000000,0,-0.14,1.39000000,13.9,3032
402506121,"2026-03-16 02:03:21",sell,0.01,ETHUSD,2187.94000000,2223.18,2135.90000000,"2026-03-16 02:53:53",2174.09000000,0,-0.14,1.39000000,13.9,3032
402506118,"2026-03-16 02:03:21",sell,0.01,ETHUSD,2187.94000000,2211.54,2153.36000000,"2026-03-16 02:53:53",2174.09000000,0,-0.14,1.39000000,13.9,3032
402506119,"2026-03-16 02:03:21",sell,0.01,ETHUSD,2187.94000000,2217.36,2144.63000000,"2026-03-16 02:53:53",2174.09000000,0,-0.14,1.39000000,13.9,3032
402506116,"2026-03-16 02:03:21",sell,0.01,ETHUSD,2187.94000000,2207.66,2159.18000000,"2026-03-16 02:53:53",2174.09000000,0,-0.14,1.39000000,13.9,3032
402506114,"2026-03-16 02:03:21",sell,0.01,ETHUSD,2187.94000000,2227.06,2091.30000000,"2026-03-16 02:53:53",2174.09000000,0,-0.14,1.39000000,13.9,3032
402506111,"2026-03-16 02:03:21",sell,0.01,ETHUSD,2187.94000000,2217.36,2115.54000000,"2026-03-16 02:53:53",2174.09000000,0,-0.14,1.39000000,13.9,3032
402506110,"2026-03-16 02:03:21",sell,0.01,ETHUSD,2187.94000000,2226.8,2110.43000000,"2026-03-16 02:53:53",2174.09000000,0,-0.14,1.39000000,13.9,3032
402506102,"2026-03-16 02:03:21",sell,0.01,ETHUSD,2187.94000000,2217.09,2129.82000000,"2026-03-16 02:53:53",2174.09000000,0,-0.14,1.39000000,13.9,3032
402506099,"2026-03-16 02:03:21",sell,0.01,ETHUSD,2187.94000000,2226.8,2118.19000000,"2026-03-16 02:53:53",2174.09000000,0,-0.14,1.39000000,13.9,3032
402506096,"2026-03-16 02:03:21",sell,0.01,ETHUSD,2187.94000000,2217.09,2135.63000000,"2026-03-16 02:53:53",2174.09000000,0,-0.14,1.39000000,13.9,3032
402506093,"2026-03-16 02:03:21",sell,0.01,ETHUSD,2187.94000000,2226.8,2129.83000000,"2026-03-16 02:53:53",2174.09000000,0,-0.14,1.39000000,13.9,3032
402506090,"2026-03-16 02:03:21",sell,0.01,ETHUSD,2187.94000000,2217.09,2144.36000000,"2026-03-16 02:53:53",2174.09000000,0,-0.14,1.39000000,13.9,3032
402296991,"2026-03-13 23:32:52",buy,0.01,CADJPY,116.38400000,116.106,116.79000000,"2026-03-16 02:53:53",116.37100000,0.01,-0.06,-0.08000000,-1.3,184861
402296934,"2026-03-13 23:32:16",sell,16.05,CADJPY,116.35000000,116.584,116.01400000,"2026-03-16 02:53:53",116.38400000,-76.06,-80.26,-342.00000000,-3.4,184897
402100382,"2026-03-13 18:39:00",buy,0.01,CADJPY,116.20200000,115.819,117.35200000,"2026-03-16 02:53:53",116.37100000,0.01,-0.06,1.06000000,16.9,202493
402100375,"2026-03-13 18:14:10",buy,0.01,CADJPY,116.20100000,115.971,116.89100000,"2026-03-16 02:53:53",116.37100000,0.01,-0.06,1.07000000,17,203983
402100365,"2026-03-13 18:14:10",buy,0.01,CADJPY,116.20100000,115.588,117.12100000,"2026-03-16 02:53:53",116.37100000,0.01,-0.06,1.07000000,17,203983
402100347,"2026-03-13 18:14:10",buy,0.01,CADJPY,116.20100000,115.741,116.89100000,"2026-03-16 02:53:53",116.37100000,0.01,-0.06,1.07000000,17,203983
402100333,"2026-03-13 18:39:00",buy,0.01,CADJPY,116.20200000,115.819,116.77700000,"2026-03-16 02:53:53",116.37100000,0.01,-0.06,1.06000000,16.9,202493
402100318,"2026-03-13 18:14:07",buy,0.01,CADJPY,116.20200000,115.895,116.66200000,"2026-03-16 02:53:53",116.37100000,0.01,-0.06,1.06000000,16.9,203986
402100311,"2026-03-13 18:14:07",buy,0.01,CADJPY,116.20200000,115.925,116.61500000,"2026-03-16 02:53:53",116.37100000,0.01,-0.06,1.06000000,16.9,203986
402100282,"2026-03-13 18:14:04",buy,0.01,CADJPY,116.20200000,115.972,116.54700000,"2026-03-16 02:53:53",116.37100000,0.01,-0.06,1.06000000,16.9,203989
402100269,"2026-03-13 18:14:03",buy,0.01,CADJPY,116.20000000,116.016,116.47600000,"2026-03-16 02:53:53",116.37100000,0.01,-0.06,1.07000000,17.1,203990
402100235,"2026-03-13 18:39:02",buy,0.01,CADJPY,116.20500000,115.896,116.96900000,"2026-03-16 02:53:53",116.37100000,0.01,-0.06,1.04000000,16.6,202491
402100231,"2026-03-13 18:14:04",buy,0.01,CADJPY,116.20200000,115.972,116.77700000,"2026-03-16 02:53:53",116.37100000,0.01,-0.06,1.06000000,16.9,203989
402100212,"2026-03-13 18:39:02",buy,0.01,CADJPY,116.20500000,115.897,116.81700000,"2026-03-16 02:53:53",116.37100000,0.01,-0.06,1.04000000,16.6,202491
402100194,"2026-03-13 18:13:59",buy,0.01,CADJPY,116.19800000,115.966,116.65600000,"2026-03-16 02:53:53",116.37100000,0.01,-0.06,1.08000000,17.3,203994
402100172,"2026-03-13 18:13:59",buy,0.01,CADJPY,116.19800000,115.89,116.74900000,"2026-03-16 02:53:53",116.37100000,0.01,-0.06,1.08000000,17.3,203994
402100148,"2026-03-13 18:13:59",buy,0.01,CADJPY,116.19800000,115.967,116.61100000,"2026-03-16 02:53:53",116.37100000,0.01,-0.06,1.08000000,17.3,203994
402100136,"2026-03-13 18:13:59",buy,0.01,CADJPY,116.20100000,115.892,116.65900000,"2026-03-16 02:53:53",116.37100000,0.01,-0.06,1.07000000,17,203994
402100116,"2026-03-13 18:13:59",buy,0.01,CADJPY,116.20100000,115.97,116.54500000,"2026-03-16 02:53:53",116.37100000,0.01,-0.06,1.07000000,17,203994
402506443,"2026-03-16 02:03:57",sell,0.01,BTCUSD,72900.53000000,73782.48,71631.36000000,"2026-03-16 02:53:53",72633.41000000,0,-0.48,2.67000000,267.1,2996
402272873,"2026-03-13 22:40:41",buy,1.95,BTCUSD,71054.44000000,71054.54,75513.86000000,"2026-03-16 02:53:53",72632.41000000,-347.86,-91.06,3077.04000000,1578,187992
402508725,"2026-03-16 02:06:10",sell,4.36,AUDUSD,0.69965000,0.7021,0.69602000,"2026-03-16 02:53:53",0.70052000,0,-21.8,-379.32000000,-8.7,2863
401921943,"2026-03-13 15:50:12",sell,8.26,AUDUSD,0.70564000,0.70554,0.69596000,"2026-03-16 02:53:53",0.70052000,-40.14,-41.3,4229.12000000,51.2,212621
402539778,"2026-03-16 02:43:34",sell,10.41,AUDJPY,111.70700000,112.025,110.77600000,"2026-03-16 02:53:53",111.77700000,0,-52.06,-456.69000000,-7,619
402539664,"2026-03-16 02:43:21",sell,5.21,AUDJPY,111.70800000,112.025,111.24400000,"2026-03-16 02:53:53",111.77700000,0,-26.06,-225.30000000,-6.9,632
402539757,"2026-03-16 02:43:50",sell,10.41,AUDJPY,111.70300000,112.021,111.08400000,"2026-03-16 02:53:53",111.77700000,0,-52.06,-482.79000000,-7.4,603
402539636,"2026-03-16 02:43:21",sell,5.21,AUDJPY,111.70800000,112.025,111.24400000,"2026-03-16 02:53:53",111.77700000,0,-26.06,-225.30000000,-6.9,632
402485408,"2026-03-16 01:27:49",buy,0.01,AUDJPY,111.63700000,111.081,113.86900000,"2026-03-16 02:53:53",111.76600000,0,-0.06,0.81000000,12.9,5164
402485407,"2026-03-16 01:27:49",buy,0.01,AUDJPY,111.63700000,111.304,112.97700000,"2026-03-16 02:53:53",111.76600000,0,-0.06,0.81000000,12.9,5164
402485405,"2026-03-16 01:27:49",buy,0.01,AUDJPY,111.63700000,111.081,113.31100000,"2026-03-16 02:53:53",111.76600000,0,-0.06,0.81000000,12.9,5164
402485403,"2026-03-16 01:27:49",buy,0.01,AUDJPY,111.63700000,111.304,112.64200000,"2026-03-16 02:53:53",111.76600000,0,-0.06,0.81000000,12.9,5164
402485394,"2026-03-16 01:27:49",buy,0.01,AUDJPY,111.63700000,110.747,112.97700000,"2026-03-16 02:53:53",111.76600000,0,-0.06,0.81000000,12.9,5164
402485391,"2026-03-16 01:27:49",buy,0.01,AUDJPY,111.63700000,111.081,112.47500000,"2026-03-16 02:53:53",111.76600000,0,-0.06,0.81000000,12.9,5164
402485392,"2026-03-16 01:27:49",buy,0.01,AUDJPY,111.63700000,110.97,112.64200000,"2026-03-16 02:53:53",111.76600000,0,-0.06,0.81000000,12.9,5164
402485388,"2026-03-16 01:27:53",buy,0.01,AUDJPY,111.64100000,111.305,112.14200000,"2026-03-16 02:53:53",111.76600000,0,-0.06,0.78000000,12.5,5160
402485390,"2026-03-16 01:27:49",buy,0.01,AUDJPY,111.63700000,111.193,112.30800000,"2026-03-16 02:53:53",111.76600000,0,-0.06,0.81000000,12.9,5164
402485389,"2026-03-16 01:27:49",buy,0.01,AUDJPY,111.63700000,111.238,112.24100000,"2026-03-16 02:53:53",111.76600000,0,-0.06,0.81000000,12.9,5164
402485385,"2026-03-16 01:27:53",buy,0.01,AUDJPY,111.64100000,111.372,112.04100000,"2026-03-16 02:53:53",111.76600000,0,-0.06,0.78000000,12.5,5160
402485383,"2026-03-16 01:27:53",buy,0.01,AUDJPY,111.64100000,111.417,111.97500000,"2026-03-16 02:53:53",111.76600000,0,-0.06,0.78000000,12.5,5160
402485382,"2026-03-16 01:27:53",buy,0.01,AUDJPY,111.64100000,111.194,112.75500000,"2026-03-16 02:53:53",111.76600000,0,-0.06,0.78000000,12.5,5160
402485380,"2026-03-16 01:27:53",buy,0.01,AUDJPY,111.64100000,111.305,112.47600000,"2026-03-16 02:53:53",111.76600000,0,-0.06,0.78000000,12.5,5160
402485379,"2026-03-16 01:27:53",buy,0.01,AUDJPY,111.64100000,111.194,112.53200000,"2026-03-16 02:53:53",111.76600000,0,-0.06,0.78000000,12.5,5160
402485378,"2026-03-16 01:27:53",buy,0.01,AUDJPY,111.64100000,111.305,112.30900000,"2026-03-16 02:53:53",111.76600000,0,-0.06,0.78000000,12.5,5160
402485377,"2026-03-16 01:27:53",buy,0.01,AUDJPY,111.64100000,111.194,112.44300000,"2026-03-16 02:53:53",111.76600000,0,-0.06,0.78000000,12.5,5160
402485376,"2026-03-16 01:27:53",buy,0.01,AUDJPY,111.64100000,111.306,112.24300000,"2026-03-16 02:53:53",111.76600000,0,-0.06,0.78000000,12.5,5160
402485375,"2026-03-16 01:27:56",buy,0.01,AUDJPY,111.64200000,111.196,112.31100000,"2026-03-16 02:53:53",111.76600000,0,-0.06,0.78000000,12.4,5157
402485374,"2026-03-16 01:28:08",buy,0.01,AUDJPY,111.64700000,111.31,112.14700000,"2026-03-16 02:53:53",111.76600000,0,-0.06,0.75000000,11.9,5145
402279285,"2026-03-13 22:48:33",buy,0.26,XAUUSD,5015.89000000,4974.7,5077.53000000,"2026-03-16 02:23:12",4974.49000000,-22,-1.82,-1076.40000000,-41.4,185679
402279293,"2026-03-13 22:48:33",buy,0.53,XAUUSD,5015.92000000,4974.7,5077.53000000,"2026-03-16 02:23:12",4974.46000000,-44.85,-3.71,-2197.38000000,-41.5,185679
402279305,"2026-03-13 22:48:36",buy,0.53,XAUUSD,5016.31000000,4975.13,5139.66000000,"2026-03-16 02:23:11",4975.05000000,-44.85,-3.71,-2186.78000000,-41.3,185675
402279328,"2026-03-13 22:48:38",buy,0.53,XAUUSD,5016.29000000,4975.13,5180.80000000,"2026-03-16 02:23:11",4975.05000000,-44.85,-3.71,-2185.72000000,-41.2,185673
402123751,"2026-03-13 18:41:21",buy,0.01,XAUUSD,5054.08000000,4983.63,5159.11000000,"2026-03-16 02:20:24",4983.45000000,-0.85,-0.07,-70.63000000,-70.6,200343
402123832,"2026-03-13 18:41:20",buy,0.01,XAUUSD,5054.08000000,4995.33,5287.80000000,"2026-03-16 02:20:14",4994.48000000,-0.85,-0.07,-59.60000000,-59.6,200334
402123811,"2026-03-13 18:41:21",buy,0.01,XAUUSD,5054.08000000,4995.33,5229.30000000,"2026-03-16 02:20:14",4994.48000000,-0.85,-0.07,-59.60000000,-59.6,200333
402123735,"2026-03-13 18:41:20",buy,0.01,XAUUSD,5054.08000000,4995.33,5141.56000000,"2026-03-16 02:20:14",4994.48000000,-0.85,-0.07,-59.60000000,-59.6,200334
402120725,"2026-03-13 18:42:06",sell,0.01,SOLUSD,89.82000000,93.17,84.84000000,"2026-03-16 02:06:34",93.20000000,-0.22,-0.06,-3.38000000,-3.4,199468
402167604,"2026-03-13 19:24:36",buy,10.93,USDCAD,1.37389000,1.37121,1.37786000,"2026-03-16 02:05:50",1.37117000,7.32,-54.66,-2168.19000000,-27.2,196874
402167616,"2026-03-13 19:24:36",buy,10.93,USDCAD,1.37390000,1.37122,1.37920000,"2026-03-16 02:00:58",1.37120000,7.32,-54.66,-2152.20000000,-27,196582
402167577,"2026-03-13 19:24:52",buy,5.47,USDCAD,1.37393000,1.37125,1.37657000,"2026-03-16 02:00:34",1.37122000,3.67,-27.36,-1081.06000000,-27.1,196542
402120740,"2026-03-13 18:42:06",sell,0.01,SOLUSD,89.80000000,92.65,81.54000000,"2026-03-16 01:52:44",92.68000000,-0.22,-0.06,-2.88000000,-2.9,198638
402120719,"2026-03-13 18:42:06",sell,0.01,SOLUSD,89.82000000,92.61,85.66000000,"2026-03-16 01:52:44",92.68000000,-0.22,-0.06,-2.86000000,-2.9,198638
402120748,"2026-03-13 18:42:06",sell,0.01,SOLUSD,89.80000000,92.64,78.75000000,"2026-03-16 01:52:44",92.68000000,-0.22,-0.06,-2.88000000,-2.9,198638
402151888,"2026-03-13 19:03:05",sell,0.01,BTCUSD,71687.62000000,72629.47,69993.30000000,"2026-03-16 01:50:53",72630.34000000,-1.78,-0.47,-9.43000000,-942.7,197268
402151915,"2026-03-13 19:03:07",sell,0.01,BTCUSD,71680.91000000,72622.4,69797.94000000,"2026-03-16 01:50:53",72630.34000000,-1.78,-0.47,-9.49000000,-949.4,197266
402272892,"2026-03-13 22:41:14",sell,0.01,BTCUSD,71018.14000000,72508.17,68785.95000000,"2026-03-16 01:48:04",72509.86000000,-1.78,-0.47,-14.92000000,-1491.7,184010
402463617,"2026-03-16 00:20:38",buy,0.01,SOLUSD,88.78000000,86.42,92.34000000,"2026-03-16 01:42:01",92.36000000,0,-0.06,3.58000000,3.6,4883
402120590,"2026-03-13 18:42:06",sell,0.01,SOLUSD,89.82000000,92.04,84.27000000,"2026-03-16 01:41:55",92.03000000,-0.22,-0.06,-2.21000000,-2.2,197989
402120557,"2026-03-13 18:42:06",sell,0.01,SOLUSD,89.82000000,92.03,85.37000000,"2026-03-16 01:41:55",92.03000000,-0.22,-0.06,-2.21000000,-2.2,197989
402120533,"2026-03-13 18:42:06",sell,0.01,SOLUSD,89.82000000,92.02,85.80000000,"2026-03-16 01:41:54",92.02000000,-0.22,-0.06,-2.20000000,-2.2,197988
402120743,"2026-03-13 18:42:06",sell,0.01,SOLUSD,89.80000000,91.55,83.22000000,"2026-03-16 01:39:41",91.57000000,-0.22,-0.06,-1.77000000,-1.8,197855
402120738,"2026-03-13 18:42:06",sell,0.01,SOLUSD,89.80000000,91.53,84.86000000,"2026-03-16 01:39:41",91.54000000,-0.22,-0.06,-1.74000000,-1.7,197855
402120581,"2026-03-13 18:42:06",sell,0.01,SOLUSD,89.82000000,91.51,85.67000000,"2026-03-16 01:39:40",91.52000000,-0.22,-0.06,-1.70000000,-1.7,197854
402463618,"2026-03-16 00:20:38",buy,0.01,SOLUSD,88.78000000,87.9,91.45000000,"2026-03-16 01:39:09",91.45000000,0,-0.06,2.67000000,2.7,4711
402463616,"2026-03-16 00:20:38",buy,0.01,SOLUSD,88.78000000,87.02,91.45000000,"2026-03-16 01:39:09",91.45000000,0,-0.06,2.67000000,2.7,4711
402485459,"2026-03-16 01:27:54",sell,0.01,ETHUSD,2134.23000000,2163.93,2089.71000000,"2026-03-16 01:39:08",2165.00000000,0,-0.14,-3.08000000,-30.8,674
402123529,"2026-03-13 18:41:20",buy,0.01,XAUUSD,5054.08000000,5007.02,5138.05000000,"2026-03-16 01:18:58",5006.94000000,-0.85,-0.08,-47.14000000,-47.1,196658
402123721,"2026-03-13 18:41:21",buy,0.01,XAUUSD,5054.08000000,5007.02,5124.01000000,"2026-03-16 01:18:58",5006.94000000,-0.85,-0.08,-47.14000000,-47.1,196657
402123592,"2026-03-13 18:41:21",buy,0.01,XAUUSD,5054.08000000,5007.02,5147.41000000,"2026-03-16 01:18:58",5006.94000000,-0.85,-0.08,-47.14000000,-47.1,196657
402123438,"2026-03-13 18:41:20",buy,0.01,XAUUSD,5054.08000000,5007.02,5124.01000000,"2026-03-16 01:18:58",5006.94000000,-0.85,-0.08,-47.14000000,-47.1,196658
402123630,"2026-03-13 18:41:20",buy,0.01,XAUUSD,5054.08000000,5007.02,5170.81000000,"2026-03-16 01:18:58",5006.94000000,-0.85,-0.08,-47.14000000,-47.1,196658
402100246,"2026-03-13 18:39:02",buy,0.01,CADJPY,116.20500000,116.05,116.43300000,"2026-03-16 01:18:34",116.43600000,0.01,-0.06,1.45000000,23.1,196772
402229257,"2026-03-13 21:08:46",buy,0.01,GBPJPY,211.44600000,210.952,212.68200000,"2026-03-16 00:48:46",210.91200000,0.03,-0.06,-3.35000000,-53.4,186000
402229240,"2026-03-13 21:08:42",buy,0.01,GBPJPY,211.44700000,210.951,212.43400000,"2026-03-16 00:48:46",210.91200000,0.03,-0.06,-3.35000000,-53.5,186004
402296973,"2026-03-13 23:32:52",buy,0.01,CADJPY,116.38400000,116.156,116.72600000,"2026-03-16 00:46:56",116.14500000,0.01,-0.06,-1.50000000,-23.9,177244
401922778,"2026-03-13 15:52:37",sell,11.55,NZDUSD,0.58339000,0.58109,0.57650000,"2026-03-16 00:41:48",0.58113000,0.81,-57.76,2610.30000000,22.6,204551
402272881,"2026-03-13 22:41:14",sell,0.01,BTCUSD,71018.14000000,72135.95,69344.28000000,"2026-03-16 00:37:49",72158.60000000,-1.78,-0.46,-11.40000000,-1140.5,179795
402402646,"2026-03-15 06:00:55",buy,0.01,BTCUSD,71467.54000000,71114.41,71995.91000000,"2026-03-16 00:37:47",71997.86000000,0,-0.46,5.30000000,530.3,67012
402286445,"2026-03-13 23:01:16",buy,7.94,NZDJPY,92.33300000,92.105,92.66600000,"2026-03-16 00:27:24",92.09700000,5.57,-39.7,-1174.83000000,-23.6,177968
402286514,"2026-03-13 23:01:08",buy,15.88,NZDJPY,92.33400000,92.104,92.77700000,"2026-03-16 00:27:24",92.09600000,11.13,-79.4,-2369.57000000,-23.8,177976
402250939,"2026-03-13 21:58:02",buy,9.76,CHFJPY,201.98800000,201.626,202.51600000,"2026-03-16 00:24:20",201.59400000,-54.69,-48.8,-2410.84000000,-39.4,181578
402250925,"2026-03-13 21:58:00",buy,4.88,CHFJPY,201.98100000,201.621,202.51100000,"2026-03-16 00:24:20",201.59400000,-27.34,-24.4,-1184.01000000,-38.7,181580
402142458,"2026-03-13 18:55:38",buy,9.04,CHFJPY,201.98800000,201.998,202.53400000,"2026-03-16 00:24:20",201.59400000,-50.65,-45.2,-2232.99000000,-39.4,192522
402097452,"2026-03-13 18:19:24",buy,0.01,USDCHF,0.78922000,0.78744,0.79243000,"2026-03-16 00:15:01",0.78643000,0.03,-0.06,-3.55000000,-27.9,194137
402097420,"2026-03-13 18:19:29",buy,0.01,USDCHF,0.78924000,0.78746,0.79192000,"2026-03-16 00:15:01",0.78643000,0.03,-0.06,-3.57000000,-28.1,194132
402093133,"2026-03-13 18:19:18",buy,0.01,USDCHF,0.78921000,0.78734,0.79366000,"2026-03-16 00:15:01",0.78643000,0.03,-0.06,-3.53000000,-27.8,194143
402092880,"2026-03-13 18:19:24",buy,0.01,USDCHF,0.78923000,0.78742,0.79194000,"2026-03-16 00:15:01",0.78643000,0.03,-0.06,-3.56000000,-28,194137
402093090,"2026-03-13 18:19:18",buy,0.01,USDCHF,0.78921000,0.7873,0.79272000,"2026-03-16 00:15:01",0.78643000,0.03,-0.06,-3.53000000,-27.8,194143
402097693,"2026-03-13 18:18:40",buy,0.01,USDCHF,0.78908000,0.7873,0.79622000,"2026-03-16 00:15:01",0.78643000,0.03,-0.06,-3.37000000,-26.5,194181
402093055,"2026-03-13 18:19:18",buy,0.01,USDCHF,0.78921000,0.78671,0.79345000,"2026-03-16 00:15:01",0.78643000,0.03,-0.06,-3.53000000,-27.8,194143
402093012,"2026-03-13 18:19:18",buy,0.01,USDCHF,0.78921000,0.78732,0.79238000,"2026-03-16 00:15:01",0.78643000,0.03,-0.06,-3.53000000,-27.8,194143
402097431,"2026-03-13 18:19:29",buy,0.01,USDCHF,0.78924000,0.78686,0.79281000,"2026-03-16 00:15:01",0.78643000,0.03,-0.06,-3.57000000,-28.1,194132
402093120,"2026-03-13 18:19:18",buy,0.01,USDCHF,0.78921000,0.78673,0.79395000,"2026-03-16 00:15:01",0.78643000,0.03,-0.06,-3.53000000,-27.8,194143
402092901,"2026-03-13 18:19:18",buy,0.01,USDCHF,0.78921000,0.78677,0.79279000,"2026-03-16 00:15:01",0.78643000,0.03,-0.06,-3.53000000,-27.8,194143
402286608,"2026-03-13 23:01:21",sell,0.01,NZDJPY,92.31600000,92.496,92.04700000,"2026-03-16 00:10:12",92.49600000,-0.04,-0.06,-1.13000000,-18,176931
402142620,"2026-03-13 18:55:49",sell,0.01,CHFJPY,201.96300000,202.329,201.30300000,"2026-03-16 00:10:10",202.48400000,0,-0.06,-3.26000000,-52.1,191661
402142564,"2026-03-13 18:55:49",sell,0.01,CHFJPY,201.96300000,202.329,201.41300000,"2026-03-16 00:10:10",202.48400000,0,-0.06,-3.26000000,-52.1,191661
402142633,"2026-03-13 18:55:49",sell,0.01,CHFJPY,201.96300000,202.452,201.08400000,"2026-03-16 00:10:10",202.48400000,0,-0.06,-3.26000000,-52.1,191661
402142603,"2026-03-13 18:55:49",sell,0.01,CHFJPY,201.96300000,202.452,201.23000000,"2026-03-16 00:10:10",202.48400000,0,-0.06,-3.26000000,-52.1,191661
402438866,"2026-03-15 16:18:31",sell,0.01,SOLUSD,87.59000000,88.36,86.43000000,"2026-03-15 20:52:47",88.36000000,0,-0.06,-0.77000000,-0.8,16456
402408728,"2026-03-15 08:17:44",buy,0.01,SOLUSD,88.43000000,87.71,89.51000000,"2026-03-15 16:10:13",87.71000000,0,-0.06,-0.72000000,-0.7,28349
402399308,"2026-03-15 05:46:23",buy,0.01,SOLUSD,88.35000000,87.73,89.28000000,"2026-03-15 06:30:09",87.72000000,0,-0.06,-0.63000000,-0.6,2626
402392427,"2026-03-15 03:25:38",buy,0.01,BTCUSD,71079.47000000,70738.5,71584.57000000,"2026-03-15 05:49:56",71572.34000000,0,-0.46,4.93000000,492.9,8658
402120510,"2026-03-13 18:42:06",sell,0.01,SOLUSD,89.82000000,92.03,86.48000000,"2026-03-14 13:34:01",86.48000000,-0.22,-0.06,3.34000000,3.3,67915
402120542,"2026-03-13 18:42:06",sell,0.01,SOLUSD,89.82000000,91.49,86.49000000,"2026-03-14 13:34:01",86.50000000,-0.22,-0.06,3.32000000,3.3,67915
402120709,"2026-03-13 18:42:06",sell,0.01,SOLUSD,89.82000000,92.05,86.50000000,"2026-03-14 13:34:01",86.49000000,-0.22,-0.06,3.33000000,3.3,67915
402120703,"2026-03-13 18:42:06",sell,0.01,SOLUSD,89.82000000,91.83,86.83000000,"2026-03-14 12:47:52",86.79000000,-0.22,-0.06,3.03000000,3,65146
402120523,"2026-03-13 18:42:06",sell,0.01,SOLUSD,89.82000000,91.49,86.82000000,"2026-03-14 12:47:52",86.79000000,-0.22,-0.06,3.03000000,3,65146
402120492,"2026-03-13 18:42:06",sell,0.01,SOLUSD,89.79000000,91.48,87.31000000,"2026-03-14 09:34:43",87.31000000,-0.22,-0.06,2.48000000,2.5,53557
402120697,"2026-03-13 18:42:06",sell,0.01,SOLUSD,89.82000000,91.5,87.33000000,"2026-03-14 09:34:09",87.32000000,-0.22,-0.06,2.50000000,2.5,53523
402120611,"2026-03-13 18:42:06",sell,0.01,SOLUSD,89.82000000,91.16,87.83000000,"2026-03-14 01:16:03",87.83000000,-0.22,-0.06,1.99000000,2,23637
402120599,"2026-03-13 18:42:06",sell,0.01,SOLUSD,89.82000000,90.94,88.16000000,"2026-03-14 01:03:08",88.15000000,-0.22,-0.06,1.67000000,1.7,22862
402104772,"2026-03-13 18:21:12",buy,5.85,GBPUSD,1.32522000,1.32187,1.33853000,"2026-03-13 23:44:21",1.32185000,0,-29.26,-1971.45000000,-33.7,19389
402104694,"2026-03-13 18:21:33",buy,5.85,GBPUSD,1.32529000,1.32194,1.33527000,"2026-03-13 23:44:21",1.32189000,0,-29.26,-1989.00000000,-34,19368
402095132,"2026-03-13 18:09:40",buy,0.01,GBPAUD,1.88720000,1.8831,1.89330000,"2026-03-13 23:27:57",1.89345000,0,-0.06,4.36000000,62.5,19097
402095971,"2026-03-13 18:10:09",sell,0.03,GBPAUD,1.88668000,1.89348,1.87988000,"2026-03-13 23:27:42",1.89348000,0,-0.16,-14.24000000,-68,19053
402095857,"2026-03-13 18:10:30",buy,0.01,GBPAUD,1.88712000,1.88304,1.89324000,"2026-03-13 23:27:42",1.89324000,0,-0.06,4.27000000,61.2,19032
401921931,"2026-03-13 15:50:10",sell,8.26,AUDUSD,0.70565000,0.70324,0.69843000,"2026-03-13 23:24:12",0.69845000,0,-41.3,5947.20000000,72,27242
402095122,"2026-03-13 18:09:46",buy,0.01,GBPAUD,1.88724000,1.88381,1.89231000,"2026-03-13 23:01:40",1.89233000,0,-0.06,3.56000000,50.9,17514
402095823,"2026-03-13 18:10:30",buy,0.01,GBPAUD,1.88712000,1.88372,1.89222000,"2026-03-13 23:01:04",1.89223000,0,-0.06,3.57000000,51.1,17434
401922722,"2026-03-13 15:52:37",sell,11.55,NZDUSD,0.58339000,0.58167,0.57823000,"2026-03-13 23:00:56",0.57825000,0,-57.76,5936.70000000,51.4,25699
402123711,"2026-03-13 18:41:21",buy,0.01,XAUUSD,5054.08000000,5011.7,5116.99000000,"2026-03-13 22:50:35",5011.65000000,0,-0.08,-42.43000000,-42.4,14954
401921799,"2026-03-13 16:39:06",buy,0.01,EURUSD,1.14871000,1.14216,1.15846000,"2026-03-13 22:50:27",1.14216000,0,-0.06,-6.55000000,-65.5,22281
402123485,"2026-03-13 18:41:20",buy,0.01,XAUUSD,5054.08000000,5018.72,5116.99000000,"2026-03-13 22:47:20",5015.02000000,0,-0.08,-39.06000000,-39.1,14760
402123690,"2026-03-13 18:41:20",buy,0.01,XAUUSD,5054.08000000,5018.72,5106.47000000,"2026-03-13 22:47:20",5015.02000000,0,-0.08,-39.06000000,-39.1,14760
402123564,"2026-03-13 18:41:20",buy,0.01,XAUUSD,5054.08000000,5018.72,5124.01000000,"2026-03-13 22:47:20",5017.24000000,0,-0.08,-36.84000000,-36.8,14760
402123404,"2026-03-13 18:41:20",buy,0.01,XAUUSD,5054.08000000,5018.72,5106.47000000,"2026-03-13 22:47:20",5017.24000000,0,-0.08,-36.84000000,-36.8,14760
402123799,"2026-03-13 18:41:21",buy,0.01,XAUUSD,5054.08000000,5018.72,5159.11000000,"2026-03-13 22:47:20",5017.24000000,0,-0.08,-36.84000000,-36.8,14759
402123819,"2026-03-13 18:41:20",buy,0.01,XAUUSD,5054.08000000,5018.72,5194.21000000,"2026-03-13 22:47:20",5017.24000000,0,-0.08,-36.84000000,-36.8,14760
402123612,"2026-03-13 18:41:20",buy,0.01,XAUUSD,5054.08000000,5018.72,5141.56000000,"2026-03-13 22:47:20",5017.24000000,0,-0.08,-36.84000000,-36.8,14760
400718488,"2026-03-11 23:44:41",buy,0.01,USDJPY,158.97100000,158.376,159.68300000,"2026-03-13 22:22:42",159.68300000,0.07,-0.06,4.46000000,71.2,167881
400718487,"2026-03-11 23:44:41",buy,0.01,USDJPY,158.97100000,158.376,159.68300000,"2026-03-13 22:22:42",159.68300000,0.07,-0.06,4.46000000,71.2,167881
400718485,"2026-03-11 23:44:41",buy,0.01,USDJPY,158.97100000,158.376,159.68300000,"2026-03-13 22:22:42",159.68300000,0.07,-0.06,4.46000000,71.2,167881
401922087,"2026-03-13 15:51:00",buy,0.01,AUDUSD,0.70606000,0.6996,0.71575000,"2026-03-13 22:21:17",0.69959000,0,-0.06,-6.47000000,-64.7,23417
402030303,"2026-03-13 17:31:11",buy,0.01,NZDUSD,0.58359000,0.57898,0.59051000,"2026-03-13 21:23:26",0.57898000,0,-0.06,-4.61000000,-46.1,13935
401921588,"2026-03-13 15:49:05",sell,8.18,EURUSD,1.14810000,1.14648,1.14324000,"2026-03-13 21:22:58",1.14325000,0,-40.9,3967.30000000,48.5,20033
402095952,"2026-03-13 18:11:47",sell,0.03,GBPAUD,1.88661000,1.89171,1.88151000,"2026-03-13 21:01:39",1.89171000,0,-0.16,-10.71000000,-51,10192
402120320,"2026-03-13 18:38:11",buy,5,SOLUSD,90.27000000,88.6,91.94000000,"2026-03-13 20:47:52",88.59000000,0,-29.07,-840.00000000,-1.7,7781
402120307,"2026-03-13 18:38:11",buy,5,SOLUSD,90.27000000,88.6,92.77000000,"2026-03-13 20:47:52",88.59000000,0,-29.07,-840.00000000,-1.7,7781
401922715,"2026-03-13 15:53:07",sell,11.55,NZDUSD,0.58337000,0.58222,0.57993000,"2026-03-13 20:04:16",0.57995000,0,-57.76,3950.10000000,34.2,15069
402123122,"2026-03-13 18:40:54",sell,0.58,XAUUSD,5053.26000000,5053.16,5000.68000000,"2026-03-13 19:36:36",5053.34000000,0,-4.1,-4.64000000,-0.1,3342
402093407,"2026-03-13 18:08:22",sell,2.18,BTCUSD,72561.37000000,72124.52,71250.81000000,"2026-03-13 19:21:45",71254.40000000,0,-101.89,2849.19000000,1307,4403
402093343,"2026-03-13 18:08:20",sell,1.09,BTCUSD,72564.43000000,73455.11,71254.13000000,"2026-03-13 19:21:44",71260.97000000,0,-50.95,1420.77000000,1303.5,4404
402093796,"2026-03-13 18:15:32",buy,0.01,BTCUSD,72672.79000000,71496.09,74782.90000000,"2026-03-13 19:16:51",71486.04000000,0,-0.47,-11.87000000,-1186.8,3679
402093739,"2026-03-13 18:15:32",buy,0.01,BTCUSD,72672.79000000,71496.09,74430.74000000,"2026-03-13 19:16:51",71486.04000000,0,-0.47,-11.87000000,-1186.8,3679
401922459,"2026-03-13 15:51:10",buy,0.01,USDCAD,1.36972000,1.36703,1.37375000,"2026-03-13 19:10:55",1.37375000,0,-0.06,2.93000000,40.3,11985
401922281,"2026-03-13 15:51:10",buy,0.01,USDCAD,1.36970000,1.36701,1.37373000,"2026-03-13 19:10:55",1.37375000,0,-0.06,2.95000000,40.5,11985
402123670,"2026-03-13 18:41:20",buy,0.01,XAUUSD,5054.08000000,5025.74,5095.94000000,"2026-03-13 19:02:46",5025.65000000,0,-0.08,-28.43000000,-28.4,1286
402123654,"2026-03-13 18:41:20",buy,0.01,XAUUSD,5054.08000000,5030.42,5088.92000000,"2026-03-13 19:00:10",5030.16000000,0,-0.08,-23.92000000,-23.9,1130
401922341,"2026-03-13 15:50:10",buy,0.01,USDCAD,1.36966000,1.36765,1.37369000,"2026-03-13 18:59:44",1.37369000,0,-0.06,2.93000000,40.3,11374
402093721,"2026-03-13 18:15:32",buy,0.01,BTCUSD,72672.79000000,71789.56,73990.54000000,"2026-03-13 18:55:44",71787.40000000,0,-0.47,-8.85000000,-885.4,2412
402093781,"2026-03-13 18:15:32",buy,0.01,BTCUSD,72672.79000000,71789.56,74254.66000000,"2026-03-13 18:55:44",71787.40000000,0,-0.47,-8.85000000,-885.4,2412
401923073,"2026-03-13 15:50:50",buy,0.01,NZDUSD,0.58374000,0.58028,0.58893000,"2026-03-13 18:43:08",0.58028000,0,-0.06,-3.46000000,-34.6,10338
401921917,"2026-03-13 15:49:05",sell,8.26,AUDUSD,0.70569000,0.70409,0.70088000,"2026-03-13 18:43:08",0.70090000,0,-41.3,3956.54000000,47.9,10443
401921791,"2026-03-13 16:38:53",buy,0.01,EURUSD,1.14865000,1.14375,1.15597000,"2026-03-13 18:43:08",1.14371000,0,-0.06,-4.94000000,-49.4,7455
401922078,"2026-03-13 15:51:00",buy,0.01,AUDUSD,0.70606000,0.70122,0.71332000,"2026-03-13 18:36:19",0.70121000,0,-0.06,-4.85000000,-48.5,9919
401922697,"2026-03-13 15:53:07",sell,11.55,NZDUSD,0.58337000,0.58251,0.58079000,"2026-03-13 18:33:59",0.58081000,0,-57.76,2956.80000000,25.6,9652
401921845,"2026-03-13 16:38:48",buy,0.01,EURUSD,1.14856000,1.14448,1.16486000,"2026-03-13 18:33:32",1.14447000,0,-0.06,-4.09000000,-40.9,6884
401921554,"2026-03-13 15:49:05",sell,8.18,EURUSD,1.14812000,1.14691,1.14450000,"2026-03-13 18:33:30",1.14452000,0,-40.9,2944.80000000,36,9865
401921491,"2026-03-13 15:49:03",sell,4.09,EURUSD,1.14818000,1.15065,1.14454000,"2026-03-13 18:33:04",1.14456000,0,-20.46,1480.58000000,36.2,9841
401921809,"2026-03-13 16:38:53",buy,0.01,EURUSD,1.14865000,1.14455,1.16085000,"2026-03-13 18:33:03",1.14454000,0,-0.06,-4.11000000,-41.1,6850
401921787,"2026-03-13 16:38:53",buy,0.01,EURUSD,1.14865000,1.14456,1.15475000,"2026-03-13 18:33:03",1.14456000,0,-0.06,-4.09000000,-40.9,6850
401922659,"2026-03-13 15:53:03",sell,5.77,NZDUSD,0.58338000,0.58513,0.58080000,"2026-03-13 18:26:49",0.58082000,0,-28.86,1477.12000000,25.6,9226
401922444,"2026-03-13 15:51:10",buy,0.01,USDCAD,1.36972000,1.3673,1.37335000,"2026-03-13 18:26:41",1.37341000,0,-0.06,2.69000000,36.9,9331
401922287,"2026-03-13 15:51:10",buy,0.01,USDCAD,1.36970000,1.36769,1.37333000,"2026-03-13 18:26:35",1.37333000,0,-0.06,2.64000000,36.3,9325
401923041,"2026-03-13 15:50:55",buy,0.01,NZDUSD,0.58377000,0.58089,0.58810000,"2026-03-13 18:24:10",0.58088000,0,-0.06,-2.89000000,-28.9,9195
401921644,"2026-03-13 15:48:51",buy,0.01,EURUSD,1.14849000,1.14523,1.15338000,"2026-03-13 18:19:59",1.14523000,0,-0.06,-3.26000000,-32.6,9068
401922164,"2026-03-13 15:51:10",buy,6.79,USDCAD,1.36974000,1.36771,1.37274000,"2026-03-13 18:19:25",1.37277000,0,-33.96,1498.70000000,30.3,8895
401922435,"2026-03-13 15:51:10",buy,0.01,USDCAD,1.36972000,1.3677,1.37273000,"2026-03-13 18:19:18",1.37273000,0,-0.06,2.19000000,30.1,8888
401922261,"2026-03-13 15:51:10",buy,0.01,USDCAD,1.36970000,1.36769,1.37272000,"2026-03-13 18:19:18",1.37273000,0,-0.06,2.21000000,30.3,8888
401922151,"2026-03-13 15:51:10",buy,6.79,USDCAD,1.36974000,1.3677,1.37273000,"2026-03-13 18:19:18",1.37271000,0,-33.96,1469.09000000,29.7,8888
401921687,"2026-03-13 16:38:48",buy,0.01,EURUSD,1.14857000,1.14531,1.15444000,"2026-03-13 18:07:08",1.14528000,0,-0.06,-3.29000000,-32.9,5300
401922124,"2026-03-13 15:51:00",buy,0.01,AUDUSD,0.70605000,0.702,0.72218000,"2026-03-13 18:07:01",0.70200000,0,-0.06,-4.05000000,-40.5,8161
401922111,"2026-03-13 15:51:00",buy,0.01,AUDUSD,0.70605000,0.702,0.71815000,"2026-03-13 18:07:01",0.70200000,0,-0.06,-4.05000000,-40.5,8161
401921719,"2026-03-13 16:38:48",buy,0.01,EURUSD,1.14858000,1.14532,1.15673000,"2026-03-13 18:07:01",1.14532000,0,-0.06,-3.26000000,-32.6,5293
401921703,"2026-03-13 16:38:49",buy,0.01,EURUSD,1.14861000,1.14535,1.15513000,"2026-03-13 18:06:59",1.14535000,0,-0.06,-3.26000000,-32.6,5290
401921776,"2026-03-13 16:38:53",buy,0.01,EURUSD,1.14865000,1.14538,1.15353000,"2026-03-13 18:06:53",1.14538000,0,-0.06,-3.27000000,-32.7,5280
401923025,"2026-03-13 15:51:00",buy,0.01,NZDUSD,0.58378000,0.58147,0.58724000,"2026-03-13 18:02:03",0.58147000,0,-0.06,-2.31000000,-23.1,7863
401922932,"2026-03-13 16:45:54",buy,0.01,NZDUSD,0.58380000,0.58149,0.58795000,"2026-03-13 18:02:02",0.58148000,0,-0.06,-2.32000000,-23.2,4568
401922963,"2026-03-13 16:46:13",buy,0.01,NZDUSD,0.58383000,0.58151,0.58843000,"2026-03-13 17:57:51",0.58151000,0,-0.06,-2.32000000,-23.2,4298
401922978,"2026-03-13 16:46:13",buy,0.01,NZDUSD,0.58383000,0.58152,0.58960000,"2026-03-13 17:57:50",0.58152000,0,-0.06,-2.31000000,-23.1,4297
401921899,"2026-03-13 15:49:05",sell,8.26,AUDUSD,0.70572000,0.70818,0.70213000,"2026-03-13 17:57:48",0.70215000,0,-41.3,2948.82000000,35.7,7723
401921885,"2026-03-13 15:49:05",sell,4.13,AUDUSD,0.70572000,0.70821,0.70216000,"2026-03-13 17:57:45",0.70217000,0,-20.66,1466.15000000,35.5,7720
401922807,"2026-03-13 16:46:16",buy,0.01,NZDUSD,0.58387000,0.58156,0.58733000,"2026-03-13 17:57:44",0.58156000,0,-0.06,-2.31000000,-23.1,4288
401921763,"2026-03-13 16:38:49",buy,0.01,EURUSD,1.14860000,1.14567,1.15300000,"2026-03-13 17:57:03",1.14565000,0,-0.06,-2.95000000,-29.5,4694
401923010,"2026-03-13 15:51:00",buy,0.01,NZDUSD,0.58379000,0.58171,0.58690000,"2026-03-13 17:56:36",0.58171000,0,-0.06,-2.08000000,-20.8,7536
401922223,"2026-03-13 16:38:58",sell,13.58,USDCAD,1.36929000,1.37135,1.36531000,"2026-03-13 17:56:24",1.37143000,0,-67.9,-2119.04000000,-21.4,4646
401922194,"2026-03-13 16:38:58",sell,13.58,USDCAD,1.36929000,1.37134,1.36631000,"2026-03-13 17:56:24",1.37143000,0,-67.9,-2119.04000000,-21.4,4646
401922244,"2026-03-13 16:39:06",sell,13.58,USDCAD,1.36925000,1.37129,1.36122000,"2026-03-13 17:56:16",1.37133000,0,-67.9,-2059.78000000,-20.8,4630
401922177,"2026-03-13 16:39:06",sell,6.79,USDCAD,1.36925000,1.37129,1.36626000,"2026-03-13 17:56:16",1.37133000,0,-33.96,-1029.89000000,-20.8,4630
401922233,"2026-03-13 16:39:06",sell,13.58,USDCAD,1.36925000,1.37129,1.36324000,"2026-03-13 17:56:16",1.37133000,0,-67.9,-2059.78000000,-20.8,4630
401922016,"2026-03-13 15:50:55",buy,0.01,AUDUSD,0.70601000,0.70277,0.71246000,"2026-03-13 17:55:45",0.70277000,0,-0.06,-3.24000000,-32.4,7490
401921964,"2026-03-13 15:50:55",buy,0.01,AUDUSD,0.70601000,0.70277,0.71084000,"2026-03-13 17:55:45",0.70277000,0,-0.06,-3.24000000,-32.4,7490
401922033,"2026-03-13 15:51:00",buy,0.01,AUDUSD,0.70605000,0.70279,0.71409000,"2026-03-13 17:55:45",0.70277000,0,-0.06,-3.28000000,-32.8,7485
401921983,"2026-03-13 15:50:55",buy,0.01,AUDUSD,0.70601000,0.70277,0.71181000,"2026-03-13 17:55:45",0.70277000,0,-0.06,-3.24000000,-32.4,7490
401921632,"2026-03-13 16:38:13",buy,0.01,EURUSD,1.14852000,1.14605,1.15217000,"2026-03-13 17:55:22",1.14605000,0,-0.06,-2.47000000,-24.7,4629
401921709,"2026-03-13 16:38:48",buy,0.01,EURUSD,1.14856000,1.14611,1.15467000,"2026-03-13 17:55:21",1.14608000,0,-0.06,-2.48000000,-24.8,4593
401921676,"2026-03-13 16:38:14",buy,0.01,EURUSD,1.14853000,1.14609,1.15293000,"2026-03-13 17:55:21",1.14608000,0,-0.06,-2.45000000,-24.5,4627
401921696,"2026-03-13 16:38:48",buy,0.01,EURUSD,1.14856000,1.14611,1.15345000,"2026-03-13 17:55:21",1.14608000,0,-0.06,-2.48000000,-24.8,4593
401921836,"2026-03-13 16:38:14",buy,0.01,EURUSD,1.14855000,1.1461,1.15833000,"2026-03-13 17:55:21",1.14608000,0,-0.06,-2.47000000,-24.7,4627
401921470,"2026-03-13 16:38:48",buy,4.09,EURUSD,1.14860000,1.14613,1.15225000,"2026-03-13 17:54:32",1.14611000,0,-20.46,-1018.41000000,-24.9,4544
401921755,"2026-03-13 16:38:49",buy,0.01,EURUSD,1.14858000,1.14614,1.15226000,"2026-03-13 17:54:32",1.14613000,0,-0.06,-2.45000000,-24.5,4543
401921806,"2026-03-13 16:38:53",buy,0.01,EURUSD,1.14865000,1.1462,1.15598000,"2026-03-13 17:52:06",1.14620000,0,-0.06,-2.45000000,-24.5,4393
401923003,"2026-03-13 15:51:00",buy,0.01,NZDUSD,0.58379000,0.58206,0.58639000,"2026-03-13 17:52:06",0.58206000,0,-0.06,-1.73000000,-17.3,7266
401922971,"2026-03-13 16:45:54",buy,0.01,NZDUSD,0.58380000,0.58207,0.58813000,"2026-03-13 17:52:06",0.58207000,0,-0.06,-1.73000000,-17.3,3972
401922947,"2026-03-13 16:46:13",buy,0.01,NZDUSD,0.58383000,0.58209,0.58728000,"2026-03-13 17:52:04",0.58209000,0,-0.06,-1.74000000,-17.4,3951
401922837,"2026-03-13 16:46:13",buy,0.01,NZDUSD,0.58383000,0.58209,0.58693000,"2026-03-13 17:52:04",0.58209000,0,-0.06,-1.74000000,-17.4,3951
401922578,"2026-03-13 16:46:16",buy,5.77,NZDUSD,0.58388000,0.58213,0.58646000,"2026-03-13 17:52:03",0.58211000,0,-28.86,-1021.29000000,-17.7,3947
401922800,"2026-03-13 16:46:17",buy,0.01,NZDUSD,0.58389000,0.58215,0.58648000,"2026-03-13 17:52:03",0.58215000,0,-0.06,-1.74000000,-17.4,3946
401922994,"2026-03-13 16:46:13",buy,0.01,NZDUSD,0.58383000,0.58244,0.58590000,"2026-03-13 17:45:23",0.58244000,0,-0.06,-1.39000000,-13.9,3550
401921973,"2026-03-13 15:50:55",buy,0.01,AUDUSD,0.70601000,0.70358,0.71036000,"2026-03-13 17:45:01",0.70358000,0,-0.06,-2.43000000,-24.3,6846
401921959,"2026-03-13 15:50:55",buy,0.01,AUDUSD,0.70601000,0.70358,0.70963000,"2026-03-13 17:45:01",0.70358000,0,-0.06,-2.43000000,-24.3,6846
401922008,"2026-03-13 15:50:55",buy,0.01,AUDUSD,0.70601000,0.70358,0.71084000,"2026-03-13 17:45:01",0.70358000,0,-0.06,-2.43000000,-24.3,6846
401922024,"2026-03-13 15:51:00",buy,0.01,AUDUSD,0.70605000,0.7036,0.71207000,"2026-03-13 17:45:01",0.70359000,0,-0.06,-2.46000000,-24.6,6841
401922116,"2026-03-13 15:51:00",buy,0.01,AUDUSD,0.70605000,0.70362,0.71573000,"2026-03-13 17:45:00",0.70361000,0,-0.06,-2.44000000,-24.4,6840
401921726,"2026-03-13 16:38:49",buy,0.01,EURUSD,1.14858000,1.14663,1.15152000,"2026-03-13 17:44:53",1.14663000,0,-0.06,-1.95000000,-19.5,3964
401922099,"2026-03-13 15:51:00",buy,0.01,AUDUSD,0.70606000,0.70364,0.71332000,"2026-03-13 17:44:20",0.70364000,0,-0.06,-2.42000000,-24.2,6800
401922988,"2026-03-13 16:46:13",buy,0.01,NZDUSD,0.58383000,0.58267,0.58555000,"2026-03-13 17:42:32",0.58266000,0,-0.06,-1.17000000,-11.7,3379
401921722,"2026-03-13 16:38:49",buy,0.01,EURUSD,1.14858000,1.14696,1.15104000,"2026-03-13 17:40:34",1.14696000,0,-0.06,-1.62000000,-16.2,3705
401922422,"2026-03-13 15:50:12",buy,0.01,USDCAD,1.36967000,1.36806,1.37209000,"2026-03-13 16:56:25",1.36806000,0,-0.06,-1.18000000,-16.1,3973
401922404,"2026-03-13 15:50:12",buy,0.01,USDCAD,1.36967000,1.36833,1.37168000,"2026-03-13 16:54:44",1.36832000,0,-0.06,-0.99000000,-13.5,3872
400718522,"2026-03-11 23:44:26",buy,0.01,USDJPY,158.96400000,158.567,159.55700000,"2026-03-12 14:37:55",158.56700000,0.05,-0.06,-2.50000000,-39.7,53609
400718521,"2026-03-11 23:44:26",buy,0.01,USDJPY,158.96400000,158.567,159.55700000,"2026-03-12 14:37:55",158.56700000,0.05,-0.06,-2.50000000,-39.7,53609
400718523,"2026-03-11 23:44:26",buy,0.01,USDJPY,158.96400000,158.567,159.55700000,"2026-03-12 14:37:55",158.56700000,0.05,-0.06,-2.50000000,-39.7,53609
400718603,"2026-03-11 23:44:59",buy,0.01,USDJPY,158.97100000,158.573,159.68200000,"2026-03-12 14:37:40",158.57100000,0.05,-0.06,-2.52000000,-40,53561
400718729,"2026-03-11 23:45:33",buy,0.01,USDJPY,158.97100000,158.575,159.96200000,"2026-03-12 14:37:40",158.57100000,0.05,-0.06,-2.52000000,-40,53527
400718724,"2026-03-11 23:45:33",buy,0.01,USDJPY,158.97100000,158.575,159.96200000,"2026-03-12 14:37:40",158.57100000,0.05,-0.06,-2.52000000,-40,53527
400718475,"2026-03-11 23:44:41",buy,0.01,USDJPY,158.97300000,158.576,159.44800000,"2026-03-12 14:37:40",158.57100000,0.05,-0.06,-2.54000000,-40.2,53579
400718609,"2026-03-11 23:44:59",buy,0.01,USDJPY,158.97100000,158.573,159.68200000,"2026-03-12 14:37:40",158.57100000,0.05,-0.06,-2.52000000,-40,53561
400718725,"2026-03-11 23:45:33",buy,0.01,USDJPY,158.97100000,158.575,159.96200000,"2026-03-12 14:37:40",158.57100000,0.05,-0.06,-2.52000000,-40,53527
400718607,"2026-03-11 23:44:59",buy,0.01,USDJPY,158.97100000,158.574,159.68300000,"2026-03-12 14:37:40",158.57100000,0.05,-0.06,-2.52000000,-40,53561
400718473,"2026-03-11 23:44:41",buy,0.01,USDJPY,158.97100000,158.575,159.44700000,"2026-03-12 14:37:40",158.57100000,0.05,-0.06,-2.52000000,-40,53579
400718507,"2026-03-11 23:44:25",buy,0.01,USDJPY,158.96200000,158.665,159.40800000,"2026-03-12 14:23:52",158.66300000,0.05,-0.06,-1.88000000,-29.9,52767
400718513,"2026-03-11 23:44:25",buy,0.01,USDJPY,158.96200000,158.665,159.40800000,"2026-03-12 14:23:52",158.66300000,0.05,-0.06,-1.88000000,-29.9,52767
400718505,"2026-03-11 23:44:17",buy,0.01,USDJPY,158.96100000,158.664,159.40700000,"2026-03-12 14:23:52",158.66300000,0.05,-0.06,-1.88000000,-29.8,52775
400718587,"2026-03-11 23:44:41",buy,0.01,USDJPY,158.97100000,158.671,159.50300000,"2026-03-12 14:23:50",158.67100000,0.05,-0.06,-1.89000000,-30,52749
400718700,"2026-03-11 23:45:34",buy,0.01,USDJPY,158.97200000,158.675,159.71500000,"2026-03-12 11:13:38",158.67400000,0.05,-0.06,-1.88000000,-29.8,41284
400718701,"2026-03-11 23:45:05",buy,0.01,USDJPY,158.97100000,158.674,159.71400000,"2026-03-12 11:13:38",158.67400000,0.05,-0.06,-1.87000000,-29.7,41313
400718698,"2026-03-11 23:45:05",buy,0.01,USDJPY,158.97100000,158.674,159.71400000,"2026-03-12 11:13:38",158.67400000,0.05,-0.06,-1.87000000,-29.7,41313
400718591,"2026-03-11 23:44:42",buy,0.01,USDJPY,158.97300000,158.676,159.50800000,"2026-03-12 11:13:36",158.67600000,0.05,-0.06,-1.87000000,-29.7,41334
400718592,"2026-03-11 23:47:02",buy,0.01,USDJPY,158.97500000,158.678,159.51000000,"2026-03-12 11:13:35",158.67800000,0.05,-0.06,-1.87000000,-29.7,41193
400719368,"2026-03-11 23:52:48",sell,0.01,USDJPY,158.95000000,159.049,158.85100000,"2026-03-12 02:11:34",159.05700000,-0.39,-0.06,-0.67000000,-10.7,8326
400719363,"2026-03-11 23:52:48",sell,0.01,USDJPY,158.95000000,159.049,158.85100000,"2026-03-12 02:11:34",159.05700000,-0.39,-0.06,-0.67000000,-10.7,8326
400719463,"2026-03-11 23:52:48",sell,0.01,USDJPY,158.95000000,159.049,158.65300000,"2026-03-12 02:11:34",159.05700000,-0.39,-0.06,-0.67000000,-10.7,8326
400719364,"2026-03-11 23:52:48",sell,0.01,USDJPY,158.95000000,159.049,158.85100000,"2026-03-12 02:11:34",159.05700000,-0.39,-0.06,-0.67000000,-10.7,8326
400719465,"2026-03-11 23:52:48",sell,0.01,USDJPY,158.95000000,159.049,158.65300000,"2026-03-12 02:11:34",159.05700000,-0.39,-0.06,-0.67000000,-10.7,8326
400719461,"2026-03-11 23:52:48",sell,0.01,USDJPY,158.95000000,159.049,158.65300000,"2026-03-12 02:11:34",159.05700000,-0.39,-0.06,-0.67000000,-10.7,8326
400719071,"2026-03-11 23:52:48",sell,0.01,USDJPY,158.95000000,158.99,158.75200000,"2026-03-12 01:34:59",158.99000000,-0.39,-0.06,-0.25000000,-4,6131
400719069,"2026-03-11 23:52:48",sell,0.01,USDJPY,158.95000000,158.99,158.75200000,"2026-03-12 01:34:59",158.99000000,-0.39,-0.06,-0.25000000,-4,6131
400719073,"2026-03-11 23:52:48",sell,0.01,USDJPY,158.95000000,158.99,158.75200000,"2026-03-12 01:34:59",158.99000000,-0.39,-0.06,-0.25000000,-4,6131
400719010,"2026-03-11 23:52:48",sell,0.01,USDJPY,158.95000000,158.99,158.83100000,"2026-03-12 01:34:59",158.99000000,-0.39,-0.06,-0.25000000,-4,6131
400719007,"2026-03-11 23:52:48",sell,0.01,USDJPY,158.95000000,158.99,158.83100000,"2026-03-12 01:34:59",158.99000000,-0.39,-0.06,-0.25000000,-4,6131
400719011,"2026-03-11 23:52:48",sell,0.01,USDJPY,158.95000000,158.99,158.83100000,"2026-03-12 01:34:59",158.99000000,-0.39,-0.06,-0.25000000,-4,6131
400719272,"2026-03-11 23:52:48",sell,0.01,USDJPY,158.95000000,159.049,158.90000000,"2026-03-12 00:57:33",158.89300000,-0.39,-0.06,0.36000000,5.7,3885
400718962,"2026-03-11 23:52:48",sell,0.01,USDJPY,158.95000000,158.99,158.91000000,"2026-03-12 00:57:33",158.89300000,-0.39,-0.06,0.36000000,5.7,3885
400719285,"2026-03-11 23:52:48",sell,0.01,USDJPY,158.95000000,159.049,158.90000000,"2026-03-12 00:57:33",158.89300000,-0.39,-0.06,0.36000000,5.7,3885
400718963,"2026-03-11 23:52:48",sell,0.01,USDJPY,158.95000000,158.99,158.91000000,"2026-03-12 00:57:33",158.89300000,-0.39,-0.06,0.36000000,5.7,3885
400718964,"2026-03-11 23:52:48",sell,0.01,USDJPY,158.95000000,158.99,158.91000000,"2026-03-12 00:57:33",158.89300000,-0.39,-0.06,0.36000000,5.7,3885
400719273,"2026-03-11 23:52:48",sell,0.01,USDJPY,158.95000000,159.049,158.90000000,"2026-03-12 00:57:33",158.89300000,-0.39,-0.06,0.36000000,5.7,3885
400718919,"2026-03-11 23:52:48",sell,0.01,USDJPY,158.95000000,158.99,158.93000000,"2026-03-12 00:41:07",158.93000000,-0.39,-0.06,0.13000000,2,2899
400718920,"2026-03-11 23:52:48",sell,0.01,USDJPY,158.95000000,158.99,158.93000000,"2026-03-12 00:41:07",158.93000000,-0.39,-0.06,0.13000000,2,2899
400718918,"2026-03-11 23:52:48",sell,0.01,USDJPY,158.95000000,158.99,158.93000000,"2026-03-12 00:41:07",158.93000000,-0.39,-0.06,0.13000000,2,2899
400719186,"2026-03-11 23:52:48",sell,0.01,USDJPY,158.95000000,159.049,158.94000000,"2026-03-12 00:41:04",158.93300000,-0.39,-0.06,0.11000000,1.7,2896
400719180,"2026-03-11 23:52:48",sell,0.01,USDJPY,158.95000000,159.049,158.94000000,"2026-03-12 00:41:04",158.93300000,-0.39,-0.06,0.11000000,1.7,2896
400719183,"2026-03-11 23:52:48",sell,0.01,USDJPY,158.95000000,159.049,158.94000000,"2026-03-12 00:41:04",158.93300000,-0.39,-0.06,0.11000000,1.7,2896
400719316,"2026-03-11 23:49:20",buy,0.01,USDJPY,158.97600000,158.877,159.02600000,"2026-03-12 00:07:18",158.85400000,0.05,-0.06,-0.77000000,-12.2,1078
400719225,"2026-03-11 23:47:12",buy,0.01,USDJPY,158.97400000,158.875,158.98400000,"2026-03-12 00:07:18",158.85400000,0.05,-0.06,-0.76000000,-12,1206
400719222,"2026-03-11 23:47:23",buy,0.01,USDJPY,158.97500000,158.876,158.98500000,"2026-03-12 00:07:18",158.85400000,0.05,-0.06,-0.76000000,-12.1,1195
400719440,"2026-03-11 23:47:44",buy,0.01,USDJPY,158.97400000,158.875,159.07300000,"2026-03-12 00:07:18",158.85400000,0.05,-0.06,-0.76000000,-12,1174
400719223,"2026-03-11 23:47:23",buy,0.01,USDJPY,158.97500000,158.876,158.98500000,"2026-03-12 00:07:18",158.85400000,0.05,-0.06,-0.76000000,-12.1,1195
400719442,"2026-03-11 23:47:44",buy,0.01,USDJPY,158.97400000,158.875,159.07300000,"2026-03-12 00:07:18",158.85400000,0.05,-0.06,-0.76000000,-12,1174
400719319,"2026-03-11 23:49:20",buy,0.01,USDJPY,158.97600000,158.877,159.02600000,"2026-03-12 00:07:18",158.85400000,0.05,-0.06,-0.77000000,-12.2,1078
400719315,"2026-03-11 23:49:20",buy,0.01,USDJPY,158.97600000,158.877,159.02600000,"2026-03-12 00:07:18",158.85400000,0.05,-0.06,-0.77000000,-12.2,1078
400719441,"2026-03-11 23:47:44",buy,0.01,USDJPY,158.97400000,158.875,159.07300000,"2026-03-12 00:07:18",158.85400000,0.05,-0.06,-0.76000000,-12,1174
400718880,"2026-03-11 23:52:48",sell,0.01,USDJPY,158.95000000,158.99,158.94600000,"2026-03-12 00:06:26",158.94300000,-0.39,-0.06,0.04000000,0.7,818
400718883,"2026-03-11 23:52:48",sell,0.01,USDJPY,158.95000000,158.99,158.94600000,"2026-03-12 00:06:26",158.94300000,-0.39,-0.06,0.04000000,0.7,818
400718882,"2026-03-11 23:52:48",sell,0.01,USDJPY,158.95000000,158.99,158.94600000,"2026-03-12 00:06:26",158.94300000,-0.39,-0.06,0.04000000,0.7,818
400719107,"2026-03-11 23:47:02",buy,0.01,USDJPY,158.97500000,158.934,159.17200000,"2026-03-12 00:05:05",158.89700000,0.05,-0.06,-0.49000000,-7.8,1083
400719106,"2026-03-11 23:47:02",buy,0.01,USDJPY,158.97500000,158.934,159.17200000,"2026-03-12 00:05:05",158.89700000,0.05,-0.06,-0.49000000,-7.8,1083
400719104,"2026-03-11 23:47:02",buy,0.01,USDJPY,158.97500000,158.934,159.17200000,"2026-03-12 00:05:05",158.89700000,0.05,-0.06,-0.49000000,-7.8,1083
400718947,"2026-03-11 23:46:02",buy,0.01,USDJPY,158.97100000,158.93,158.99000000,"2026-03-12 00:05:05",158.89700000,0.05,-0.06,-0.47000000,-7.4,1143
400718893,"2026-03-11 23:46:02",buy,0.01,USDJPY,158.97100000,158.93,158.97400000,"2026-03-12 00:05:05",158.89700000,0.05,-0.06,-0.47000000,-7.4,1143
400718981,"2026-03-11 23:46:21",buy,0.01,USDJPY,158.97400000,158.934,159.01400000,"2026-03-12 00:05:05",158.89700000,0.05,-0.06,-0.48000000,-7.7,1124
400719021,"2026-03-11 23:46:34",buy,0.01,USDJPY,158.97300000,158.933,159.09200000,"2026-03-12 00:05:05",158.89700000,0.05,-0.06,-0.48000000,-7.6,1111
400718983,"2026-03-11 23:46:21",buy,0.01,USDJPY,158.97400000,158.934,159.01400000,"2026-03-12 00:05:05",158.89700000,0.05,-0.06,-0.48000000,-7.7,1124
400719022,"2026-03-11 23:46:40",buy,0.01,USDJPY,158.97300000,158.933,159.09200000,"2026-03-12 00:05:05",158.89700000,0.05,-0.06,-0.48000000,-7.6,1105
400718892,"2026-03-11 23:46:02",buy,0.01,USDJPY,158.97100000,158.93,158.97400000,"2026-03-12 00:05:05",158.89700000,0.05,-0.06,-0.47000000,-7.4,1143
400718945,"2026-03-11 23:46:02",buy,0.01,USDJPY,158.97100000,158.93,158.99000000,"2026-03-12 00:05:05",158.89700000,0.05,-0.06,-0.47000000,-7.4,1143
400718891,"2026-03-11 23:46:02",buy,0.01,USDJPY,158.97100000,158.93,158.97400000,"2026-03-12 00:05:05",158.89700000,0.05,-0.06,-0.47000000,-7.4,1143
400718984,"2026-03-11 23:46:21",buy,0.01,USDJPY,158.97400000,158.934,159.01400000,"2026-03-12 00:05:05",158.89700000,0.05,-0.06,-0.48000000,-7.7,1124
400719024,"2026-03-11 23:47:02",buy,0.01,USDJPY,158.97500000,158.935,159.09400000,"2026-03-12 00:05:05",158.89700000,0.05,-0.06,-0.49000000,-7.8,1083
