wick_ratio,volatility_surge,successive_move,rsi,adx,label,pair
0.8102108768035502,1.0339909674352097,0.6,57.84313725490105,30.721829465272698,0,AUDUSD
0.9208819714655562,1.0011806375442638,0.8,62.626262626262736,28.031418857367182,0,AUDUSD
0.8147174770040458,1.006333567909923,0.8,61.224489795917215,25.173559295631218,1,AUDUSD
3.1832797427680766,1.012900143334918,0.4,66.2500000000019,22.320119097613304,1,AUDUSD
2.524461839531839,1.0358835477318789,0.4,69.4915254237286,18.82620163384679,0,AUDUSD
1.0662824207494046,1.0296010296010147,0.4,50.45454545454339,16.665679360421304,0,AUDUSD
1.5653964984550086,1.0251132153149292,0.2,53.365384615382695,13.79065796323288,0,AUDUSD
1.439764936336493,1.0408765276021983,0.2,49.765258215960905,11.332999642172746,0,AUDUSD
1.2916246215938674,1.022798577703418,0.2,52.47524752475231,9.742445387684308,0,AUDUSD
0.7976490344245813,1.0259004451639144,0.2,61.475409836066206,11.677874299857503,0,AUDUSD
1.5868673050614575,1.0482897384305907,0.4,61.78861788617809,13.239636238093235,0,AUDUSD
1.1300919842312631,1.0383980181668078,0.4,53.66972477064103,14.859669513250724,0,AUDUSD
1.0512483574247944,1.0186153524367332,0.4,45.771144278606556,14.613979530718376,0,AUDUSD
0.5294619982921618,1.0597106174852078,0.6,54.958677685949,14.848537533515954,0,AUDUSD
1.116333725029638,1.083267561168112,0.6,57.3705179282871,16.66884724735918,1,AUDUSD
0.9421112372305517,1.120879120879109,0.4,53.35968379446658,16.966466294977675,1,AUDUSD
1.0204081632655664,1.116315378610459,0.6,56.106870229007484,17.218973736187987,1,AUDUSD
0.660896931550101,1.1009885636751224,0.6,50.34246575342501,19.461924335319758,1,AUDUSD
1.4387633769321686,1.0478754085752613,0.6,46.69117647058894,20.722227034351324,1,AUDUSD
1.289506953223542,0.9718814870730372,0.6,60.000000000001975,21.57482613850911,1,AUDUSD
1.422708618330941,0.9264873057976656,0.8,62.38938053097456,23.723804385047675,1,AUDUSD
1.1890606420928158,0.9226569608735445,0.8,68.3544303797486,26.7496445242899,1,AUDUSD
1.8166939443534293,0.9276672694394357,0.8,65.0602409638567,30.010705691221215,1,AUDUSD
1.6152450090748933,0.8963955463295165,0.6,57.560975609757314,30.32960248070655,1,AUDUSD
1.3976705490853016,0.9312462849217613,0.4,52.631578947369825,29.039849606853373,1,AUDUSD
0.9986859395533653,0.9902832334091668,0.2,49.32735426009025,27.84009638172025,1,AUDUSD
0.5294705294705595,1.0024701523260697,0.2,38.88888888888915,27.970903413113138,0,AUDUSD
0.44504995458663393,0.9413228281152728,0.4,38.626609442058616,28.250069853367705,0,AUDUSD
0.39960039960035526,0.9693088982115168,0.4,39.99999999999999,28.544287540442728,1,AUDUSD
0.3879728419010335,0.9612403100774901,0.6,42.3076923076934,27.626412670739693,1,AUDUSD
0.6064209274673479,0.9205384281371758,0.6,46.698113207546335,25.327377247100067,1,AUDUSD
0.606262491672218,1.065759637188186,0.8,59.60912052117294,22.67652195563903,0,AUDUSD
0.5584950029394762,1.0434269994104757,0.6,59.032258064516874,23.23911578959051,1,AUDUSD
0.6747294716742671,1.0675675675675556,0.6,52.721088435375144,22.499893997738386,0,AUDUSD
0.6808244846973001,1.0897189064304968,0.6,54.72312703583114,20.2486283142699,0,AUDUSD
0.6685837526962375,1.115559599636038,0.6,60.57971014492815,18.152057120951003,0,AUDUSD
0.5291005291007249,1.1195479427865191,0.6,63.44086021505437,17.825880985837724,1,AUDUSD
0.5983450031828473,1.1189899688689067,0.6,62.269129287599256,18.234517743956978,1,AUDUSD
0.3893085415456603,1.1376936316695383,0.6,61.298701298702376,18.542892157937448,1,AUDUSD
0.4904966278356916,1.1435439560439555,0.6,64.26735218509128,18.64726593511706,1,AUDUSD
0.5063291139240201,1.12843729040913,0.4,60.827250608271996,17.726189289161006,1,AUDUSD
0.4953594451974488,1.1061854109688476,0.4,63.09447127672495,15.906061467016952,1,AUDUSD
0.380599480086748,1.0651855885609158,0.4,62.62191695427738,14.161712260402478,1,AUDUSD
0.24416772102730602,1.0700220198362498,0.6,62.23736683024404,12.440414616399995,1,AUDUSD
0.12903577752978154,0.980402517375209,0.4,52.969173980635894,12.240835311503156,1,AUDUSD
0.20799115433760232,0.9987763469748825,0.6,48.83584359946913,12.34463304385952,1,AUDUSD
0.5936550151974681,0.9553303712540159,0.4,53.24358475345848,12.055016885660951,1,AUDUSD
0.7110772307742556,0.9108864486135536,0.6,57.8179434145475,13.216465376258688,1,AUDUSD
1.405210643015304,0.9359260010441222,0.4,53.87323337522122,13.976749978567922,1,AUDUSD
1.2299465240636627,0.8760553203216184,0.4,46.22101994671639,13.913896589861878,1,AUDUSD
0.9557774607698984,0.9087723791964365,0.2,34.23128374678552,16.27536844396441,1,AUDUSD
0.9750297265158984,0.8911668459799144,0.2,44.868092275240016,21.641051001976354,0,AUDUSD
0.8130081300814715,1.0570276497695674,0.8,57.46606334841556,31.261632490791417,0,AUDUSD
1.3051823416510644,1.0127710127709815,0.6,62.561576354681584,33.08091283450884,0,AUDUSD
1.2774451097802444,0.9887898821500284,0.6,67.3170731707324,36.609227565064394,0,AUDUSD
0.6419400855919664,1.02409638554216,0.4,63.594470046083146,37.31510991800537,0,AUDUSD
0.5428881650380442,1.01098901098901,0.4,62.162162162163646,37.883548543384315,0,AUDUSD
0.735090152565868,1.0493299116053632,0.4,62.995594713659685,38.96045847817762,0,AUDUSD
0.4154302670625287,1.101481688565827,0.6,69.16996047431026,39.642687338302,0,AUDUSD
0.5396096440875914,1.0812324929971815,0.8,66.9491525423732,41.72395803124251,0,AUDUSD
0.5725699067910636,0.9994353472613999,0.8,58.500000000001116,43.24379775521204,0,AUDUSD
0.5420827389446502,0.9760956175298487,0.8,69.23076923077204,44.16139698946306,0,AUDUSD
0.9117221418228998,0.9907834101382595,0.8,62.561576354680206,44.27057084358328,0,AUDUSD
0.6829618979153865,1.188230008984744,0.4,57.823129251700806,66.75026846095719,0,AUDUSD
0.8110781404553821,1.197870452528853,0.4,59.47712418300675,65.85324771680887,0,AUDUSD
0.5852674066602269,1.1318681318681414,0.2,55.11551155115386,64.26759270791696,0,AUDUSD
0.3706688154715802,1.1052409129332401,0.4,65.91639871382739,64.35935858093175,0,AUDUSD
0.7150964812714372,1.0385818561001006,0.6,60.44776119403031,62.079038600545985,0,AUDUSD
0.49421661409051343,1.0130246020260432,0.6,55.47703180212093,58.051027396063226,0,AUDUSD
0.5650857719475063,1.018981018981022,0.6,60.064935064934765,54.40654001531167,0,AUDUSD
0.5733005733004586,1.0017074558907324,0.8,61.682242990654885,50.778740787512014,0,AUDUSD
1.046373365041397,1.0142661715849375,0.6,66.89189189189212,47.97195573582858,1,AUDUSD
0.6029285099051618,1.0400154649140096,0.4,59.516616314200235,45.07829379631719,1,AUDUSD
0.48334421946429573,0.9948639908693451,0.4,42.07317073170747,40.37043854477276,0,AUDUSD
0.3853100541842119,0.9779356768885951,0.4,46.47887323943684,36.33567597214227,0,AUDUSD
0.3096143400326372,0.9906410030019797,0.4,54.96183206106887,31.00807028045855,0,AUDUSD
0.28257456828885097,0.9679153970245676,0.6,61.55988857938756,28.4894655429062,0,AUDUSD
0.4392106938256505,0.9596233930834651,0.6,63.68876080691707,28.027187670269967,0,AUDUSD
0.6060606060609042,0.9559479222400497,0.8,63.47826086956564,27.56802491537712,0,AUDUSD
0.8820403825720208,1.0384394721744017,0.8,66.66666666666775,27.872327688717906,0,AUDUSD
1.1412268188307175,1.0415864458990836,0.8,65.55891238670745,27.427162594378476,0,AUDUSD
1.3950073421446034,1.0486322188449662,0.8,66.07142857142904,27.66763719861103,0,AUDUSD
2.281639928698837,1.0747574662354937,1.0,68.56187290970031,27.800327448808027,0,AUDUSD
1.536491677336715,1.0292463442069721,0.8,56.85618729097065,26.7528566316878,0,AUDUSD
1.4518002322880537,1.0409188801148628,0.8,61.79104477612133,25.68794946581442,0,AUDUSD
0.6519898391192989,0.9494010370105582,0.4,60.60606060606124,41.449797399806876,0,AUDUSD
0.643921191734809,1.0295461468169227,0.4,43.465909090908596,39.19588273482211,0,AUDUSD
0.5344757241942757,1.0965580261955203,0.4,41.50485436893119,38.49308069880328,0,AUDUSD
0.6789250353607619,1.131603626133137,0.6,42.067307692307445,38.45060161974964,0,AUDUSD
1.0297482837531493,1.128805620608869,0.8,43.29411764705761,37.729669568768095,0,AUDUSD
0.7431874483899711,1.0880668627147279,0.8,42.482100238662895,37.77039539346581,0,AUDUSD
0.7266121707541351,1.0799504183452058,1.0,50.4807692307684,37.65755825506891,0,AUDUSD
1.7900172117042943,1.0385389258628628,1.0,45.789473684210606,37.20643043552013,0,AUDUSD
1.6039279869073353,1.0710416344219158,0.8,41.952506596305994,35.95287172253576,0,AUDUSD
1.587561374795462,1.0690737833594977,0.6,40.664961636828465,32.45147116231234,0,AUDUSD
1.2517580872012262,1.0476190476190372,0.6,37.46630727762818,29.290222688564377,0,AUDUSD
2.328159645232488,1.0649935649935653,0.4,39.154929577464266,26.84092896572332,0,AUDUSD
2.0162932790227632,1.0194730813287554,0.4,45.22292993630648,26.666959242881497,0,AUDUSD
1.5478615071285309,0.8926437958696125,0.4,60.944206008583144,27.07316018479646,0,AUDUSD
1.2299465240644998,0.7836831415030503,0.6,62.24066390041557,28.068831180467317,0,AUDUSD
1.2476007677542125,0.7063784923563609,0.6,63.057324840762575,29.325211275730968,0,AUDUSD
1.1937377690797326,0.676785714285729,0.4,58.940397350991084,28.447238540316956,1,AUDUSD
1.5498938428863864,0.7067866516685567,0.6,58.10810810810669,27.462306933265328,1,AUDUSD
1.5401301518428867,0.7891360136869164,0.6,62.874251497004195,27.444441201113854,1,AUDUSD
1.7865429234335575,0.8520074696545497,0.6,51.40845070422635,27.586029944808963,1,AUDUSD
1.2939001848429823,0.8919382504288509,0.4,45.56962025316464,26.220669641395784,1,AUDUSD
0.9840810419683879,0.9090909090909224,0.6,55.82822085889516,26.782035905915368,1,AUDUSD
1.3043478260871957,1.0200364298725255,0.6,51.1235955056189,24.946650588996818,0,AUDUSD
0.3489294210943556,1.1601307189542873,0.6,46.25850340136065,8.881714381079865,0,AUDUSD
0.44877222692623886,1.1534905224225882,0.6,49.66666666666633,8.64894222712435,0,AUDUSD
0.9753231492364274,1.1609977324263203,0.8,53.95189003436348,8.763414115470576,0,AUDUSD
1.240544629349755,1.1365179986416143,0.8,51.62454873646075,6.148879774962481,0,AUDUSD
2.2810590631365204,1.0600476913071764,0.8,59.76562500000106,8.807794503645797,0,AUDUSD
3.064133016627285,1.0471881060116355,1.0,65.8227848101273,10.857327884838,0,AUDUSD
3.739612188365267,1.0416666666666465,1.0,66.52892561983533,13.519322677646072,0,AUDUSD
2.7146171693732986,0.9680873848789758,0.8,69.26829268292957,19.374501232290186,0,AUDUSD
0.6983511154221724,0.9969167523124254,0.6,61.53846153846189,25.049042583523253,0,AUDUSD
0.3357903357905661,0.9348739495798292,0.4,63.963963963964325,32.75706468664718,0,AUDUSD
0.31974420463635134,0.928359474353542,0.4,54.8076923076921,34.645263444411164,0,AUDUSD
0.4103479036574187,0.9969788519637534,0.4,64.0000000000006,36.85252639979323,0,AUDUSD
0.4939626783751332,0.9829619921363048,0.4,58.74439461883385,38.80305551538665,0,AUDUSD
0.6577344701578424,0.9553571428571488,0.4,57.99086757990983,41.359058568902064,0,AUDUSD
1.085814360769552,0.9758386113066088,0.6,57.00934579439388,44.019106933419195,0,AUDUSD
1.016659547201925,1.1515907673112955,0.8,67.72277227722809,19.731380581420588,0,AUDUSD
0.9720311783584212,1.1524713422901403,0.8,69.36090225563947,20.80480800740642,0,AUDUSD
0.9142586451917647,1.1627906976744045,0.8,69.75881261595595,22.231001227683375,0,AUDUSD
0.5056513979773677,1.2084063047285416,0.6,66.31016042780777,24.24953541285043,0,AUDUSD
0.449718925671438,1.2506178942165063,0.4,60.38961038961006,24.51073693987546,0,AUDUSD
0.35098155859605845,1.2512065637065637,0.6,61.14649681528705,24.883315428527823,0,AUDUSD
0.534834623504649,1.2568041611225351,0.4,59.3851132686087,24.542490450397057,0,AUDUSD
0.5325443786981832,1.2498510663648306,0.4,61.77419354838684,24.7222877697821,0,AUDUSD
0.7295796986519307,0.9812179852020468,0.4,59.83772819472601,23.867016149789663,0,AUDUSD
0.9229305423407547,0.922782960548489,0.4,57.32758620689639,23.519554088042533,0,AUDUSD
1.018251681075909,0.8976078694388476,0.6,56.48351648351708,23.97697032898457,0,AUDUSD
1.3468013468016964,0.7275336718922463,0.6,48.578811369508436,26.568261248482333,0,AUDUSD
1.9258202567763507,0.6651198762567759,0.6,36.448598130841674,29.281383968295156,0,AUDUSD
5.79335793357976,0.705679862306388,0.6,40.3448275862076,32.32070535955965,0,AUDUSD
14.851485148517034,0.7404918693724207,0.4,32.8185328185352,35.408137691335014,0,AUDUSD
2.5458248472507305,0.7916551533573085,0.4,41.016949152542225,36.33555577203698,0,AUDUSD
0.9390609390609902,0.8225939128050661,0.4,53.75000000000017,34.96558609741918,0,AUDUSD
0.7534807534807804,0.9188168659534559,0.4,61.64874551971368,35.38588905624742,1,AUDUSD
0.5216752387951087,0.9388239281477789,0.6,57.539682539681365,35.95083143849676,1,AUDUSD
0.3853690398433189,0.9695783668386373,0.6,55.133079847908775,36.658209167151156,1,AUDUSD
0.45633359559395514,0.950570342205307,0.4,48.496240601502194,37.26412613348067,1,AUDUSD
0.8657047724748963,0.9464728819567426,0.2,50.390625000000426,34.308531338357454,1,AUDUSD
0.7838179519592784,0.909906676238344,0.2,56.82819383259775,33.06507498661291,1,AUDUSD
0.8470290771170346,0.9397999622570333,0.0,49.55357142857096,31.746754554992236,0,AUDUSD
1.2948517940708433,0.9523809523809623,0.0,47.982062780268144,31.370348806530053,0,AUDUSD
1.8711018711008625,0.914769292766473,0.2,48.6607142857153,26.58193993649008,0,AUDUSD
1.6216216216206705,0.9298998569384745,0.4,52.99145299145389,22.4861717590907,0,AUDUSD
0.38707252912426493,1.0506347584999423,0.4,38.02816901408407,35.48733680641894,0,AUDUSD
0.42720862712559393,1.1009723261032422,0.4,42.975206611569725,36.46435468883936,0,AUDUSD
0.7278318810865093,1.0531039640987434,0.6,46.630727762802,36.50101093792649,0,AUDUSD
0.45060658578856083,1.0992481203007525,0.6,43.46733668341714,36.41892869877628,0,AUDUSD
0.7388748950463443,1.0563129816241963,0.4,50.65666041275816,14.851173425276203,0,AUDUSD
1.3982521847689557,0.9460105112279154,0.2,60.810810810811184,14.513949041359243,0,AUDUSD
1.548064918851339,0.8883553421368601,0.4,57.352941176471596,13.61673844609416,0,AUDUSD
1.2545676004870807,0.8730158730158806,0.4,53.60576923077031,12.964903941800234,0,AUDUSD
1.0974106041924432,0.8999370673379664,0.4,52.34741784037537,13.283507966013994,0,AUDUSD
1.3464447806350477,0.8610038610038905,0.4,47.27272727272817,14.239730455009228,0,AUDUSD
1.0556348074178614,0.8397863818424903,0.4,47.39583333333366,15.743265679474344,0,AUDUSD
0.7652399481193948,0.8026509572901783,0.2,58.70967741935431,17.222950947016503,1,AUDUSD
0.7118254879449349,0.7670807453416675,0.2,36.69354838709769,19.57625127485891,0,AUDUSD
0.7186358099879895,0.7736757624398573,0.4,39.38223938223879,23.884181742934597,0,AUDUSD
0.9716599190286113,0.773441638707431,0.6,36.44859813084543,40.155145767860475,0,AUDUSD
1.5071283095732744,0.8226324237560304,0.8,40.796019900499296,43.592120557776056,0,AUDUSD
1.1015490533565722,0.8834000890075692,0.8,39.28571428571651,45.178574408703284,1,AUDUSD
0.7429963459198411,0.8900756564307937,0.6,35.159817351601475,49.11498079671033,0,AUDUSD
0.43628013777333136,1.0292812777284837,0.8,62.25490196078271,40.86751838659824,0,AUDUSD
0.7917174177837106,1.0592658115877849,0.6,60.89108910891007,38.10741434498175,1,AUDUSD
1.1235955056185318,1.0982142857142578,0.8,57.06521739130471,35.98564181154802,1,AUDUSD
0.7311129163279136,1.0290556900726022,0.6,52.78969957081447,32.94128167835743,1,AUDUSD
1.2184412733255803,0.9241323648103293,0.4,53.47826086956616,31.255500371721922,1,AUDUSD
1.227887617065422,0.9163665466186528,0.6,61.42857142857234,28.859830239261417,1,AUDUSD
0.8576480990274598,0.9255256435449032,0.4,54.79452054794639,26.46416010680091,0,AUDUSD
0.8253692441358237,0.8911837827500764,0.4,59.91902834008134,25.63470062270562,0,AUDUSD
1.1771700356723611,0.9262796027502284,0.4,55.63909774436285,25.78284877085273,0,AUDUSD
1.1265969802561326,0.9880952380952756,0.6,55.13307984790921,26.452657962524558,0,AUDUSD
0.9864364981506223,1.0901692011137354,0.4,56.42023346303454,27.474839256566014,0,AUDUSD
1.1951588502270762,1.0562906481273682,0.4,47.98206278027054,27.34901389743082,0,AUDUSD
1.8471337579613076,0.8576014675532988,1.0,56.75675675675676,22.137759258774732,1,AUDUSD
1.369472182595952,0.9391750174784377,0.8,48.81516587677736,23.053425490589404,0,AUDUSD
2.286902286902095,0.9407096171802269,0.8,49.29577464788791,22.48308402338791,0,AUDUSD
2.9705215419492164,1.0079887218045485,0.8,51.17370892018763,22.541177665017756,0,AUDUSD
0.9137489325362087,1.0854451670778593,0.6,61.83206106870161,22.6111592387601,0,AUDUSD
1.0091743119264462,1.0845295055821824,0.8,59.349593495935224,22.974150516317014,0,AUDUSD
1.0258697591434998,1.0888501742160488,0.8,69.39655172413828,24.251477954292653,0,AUDUSD
1.009463722397662,1.0627921154237032,0.8,62.33766233766128,30.005156755172433,0,AUDUSD
0.5457598656592252,1.0889110889110951,0.6,51.33079847908766,29.96178456758935,0,AUDUSD
0.7882676443629185,1.1025886864813033,0.6,54.77031802120287,29.834140782803917,0,AUDUSD
1.2252591894437157,1.111721611721614,0.4,53.472222222221575,29.695526197185618,0,AUDUSD
0.4933586337759098,1.0485239226331846,0.4,57.40740740740702,28.107020871689205,0,AUDUSD
1.038575667655494,0.998937300743883,0.8,55.08021390374384,28.59642111987939,1,AUDUSD
1.081081081080966,1.0124092009684988,0.8,59.63060686015881,27.13670680010672,1,AUDUSD
2.349272349271869,0.9602910931814366,0.6,69.3251533742348,27.60394071561573,0,AUDUSD
1.4285714285709135,0.8240498034075893,0.2,48.51063829787208,30.40053384253741,0,AUDUSD
1.2066574202491211,0.8023255813953402,0.4,58.962264150943994,28.42970881078673,1,AUDUSD
1.1757269279391984,0.8380520951302363,0.4,57.6036866359455,25.402477677828053,1,AUDUSD
0.7492795389049525,0.8834355828220746,0.6,57.798165137612436,23.35991345164744,1,AUDUSD
2.3284823284829432,0.9226622434169748,0.6,44.186046511628504,13.295302043545345,1,AUDUSD
2.0159680638726094,0.9727371864776521,0.6,43.66197183098599,12.727358660068074,1,AUDUSD
1.63339382940129,0.949409404947618,0.4,33.92857142857096,17.068847934613412,1,AUDUSD
1.6829745596867989,0.9798534798534854,0.6,33.92857142857096,19.1727684501893,1,AUDUSD
1.1126961483592783,0.9841786877617548,0.4,33.529411764705,21.336597232724397,1,AUDUSD
0.8633582596874405,1.2176194119575965,0.4,45.840407470288746,44.47380545267936,0,AUDUSD
0.6406970784214362,1.2222795255286152,0.6,48.959999999999404,45.5982479789344,0,AUDUSD
1.1920057102071693,1.0132294123679557,0.6,44.71403812824962,41.7736351888039,0,AUDUSD
1.3646532438478656,0.9520472519771703,0.8,44.03508771929817,38.00922151843467,0,AUDUSD
2.070844686648474,0.9663293110159511,0.8,44.26807760141065,34.03443710965902,0,AUDUSD
2.7635960044390027,0.9273182957393354,0.8,33.524904214559214,31.482123897198935,0,AUDUSD
1.9588638589612293,0.9376469481801822,0.6,30.5944055944058,29.182022505687836,0,AUDUSD
0.7296499367354485,0.9563658099222933,0.4,56.23582766439821,25.749135024773768,0,AUDUSD
0.517928286852587,0.9459328755198675,0.4,48.532289628180216,24.642062736989022,0,AUDUSD
0.849845882870888,0.9648776637726906,0.4,40.692640692639934,23.232983384464767,0,AUDUSD
0.5712342740564003,0.9700996677740878,0.4,50.654205607475724,21.104479885194767,0,AUDUSD
0.6422018348622643,0.9731413001167774,0.2,47.969052224371,19.668461444582796,0,AUDUSD
0.8813160987075489,0.7869387755102447,0.4,34.68468468468514,40.42151455176444,1,AUDUSD
0.8014796547472965,0.7764345309041676,0.6,33.4862385321094,42.256286922251434,1,AUDUSD
0.6801275239107483,0.8211195479428198,0.8,39.1111111111112,44.21896388492758,0,AUDUSD
0.6013579049466882,0.8564321250888745,0.6,35.34136546184875,46.048331398163796,0,AUDUSD
0.8891595615104222,0.9055950778696432,0.6,36.03238866396746,46.23222707915865,1,AUDUSD
0.5551149881046495,1.0255893612733897,0.4,37.623762376236606,48.2287661397358,0,AUDUSD
0.594965675057161,1.0800896678214431,0.2,34.96932515337369,50.56793037685811,1,AUDUSD
0.9257561869841436,1.1024409763905123,0.2,35.185185185184864,53.02176905518602,1,AUDUSD
0.7655116841254512,0.9853581321724985,0.4,48.327137546469736,53.65715443105525,1,AUDUSD
0.9018567639255897,0.9728898288790279,0.4,48.1481481481483,53.62112766831693,1,AUDUSD
0.9074243813014696,1.0262390670553483,0.4,56.35179153094462,51.2494940833749,1,AUDUSD
1.043771043770582,1.0019305019304443,0.4,53.872053872052895,48.227785399900505,0,AUDUSD
0.6874328678835753,0.9884063666731583,0.6,59.07473309608494,44.006590993283005,1,AUDUSD
1.058263971461998,0.9681697612731688,0.4,54.044117647058535,39.720523035121325,1,AUDUSD
0.8876560332864,1.0313994593470275,0.6,52.47148288973302,36.84586906313847,0,AUDUSD
1.549893842885915,1.0416666666666383,0.4,46.24060150375996,33.82389104116111,1,AUDUSD
0.9461235216815137,1.025955446556296,0.4,45.38745387453757,32.03984471200021,1,AUDUSD
1.3108614232206532,1.0590105304987283,0.4,47.33096085409312,31.114280391138127,1,AUDUSD
0.8943089430892585,1.0032102728732228,0.4,51.351351351351475,28.232282521568063,1,AUDUSD
0.7565470417069938,0.9705407586763631,0.4,47.93388429752115,24.24876603805173,1,AUDUSD
0.9148264984228529,0.9342211460855547,0.6,55.70175438596261,20.68724663260169,1,AUDUSD
0.9987819732035456,0.9240121580547286,0.6,51.626016260161805,17.06333992706218,0,AUDUSD
0.7577497129737781,0.9436249747423767,0.4,45.121951219512084,14.538168763147423,1,AUDUSD
0.7991120976693057,0.8881382873037855,0.4,46.443514644351566,11.766313752486706,1,AUDUSD
0.9644087256030366,0.8996960486322045,0.4,42.60089686098558,10.434647835808908,1,AUDUSD
0.6267029972752823,0.9510026876162925,0.4,50.592885375495754,9.506776687349989,1,AUDUSD
0.8270676691729965,1.006006006006013,0.6,49.39271255060779,9.279101885372272,1,AUDUSD
0.4128819157721203,1.06980765074567,0.8,50.0,9.119216809498969,0,AUDUSD
0.9090909090909497,1.0544738569241363,0.6,55.094339622641286,7.857391324587886,0,AUDUSD
1.0976948408341558,1.0052910052910502,0.4,52.12355212355105,6.609780772784907,1,AUDUSD
0.5969458583988815,1.1147186147186159,0.4,39.631336405529574,15.972871344063034,0,AUDUSD
0.7183758459135415,1.1301989150090384,0.4,43.16702819956579,17.162803524093995,0,AUDUSD
0.5639614855569933,1.1431575784887997,0.2,37.820512820512256,18.271471420249252,0,AUDUSD
0.4888694893059327,1.111440426793112,0.2,39.420935412026374,20.27748272754452,0,AUDUSD
0.5710886377156549,1.1245272039569247,0.2,37.42071881606801,22.110448923731465,0,AUDUSD
0.683760683760653,1.1217354074496872,0.4,40.97363083164312,23.264977581141093,0,AUDUSD
0.9105560032231645,1.0767065446868258,0.2,32.43847874720181,24.316911549088708,0,AUDUSD
1.38397502601468,1.0557184750732984,0.2,32.00883002207365,25.89600235336095,0,AUDUSD
2.344428364689059,1.0280759702724993,0.2,35.89108910890951,29.315732552621512,0,AUDUSD
3.308687615526138,1.064586754241918,0.4,37.13592233009704,31.513557705409692,0,AUDUSD
0.6213266162886026,0.9012752543344054,0.4,31.952662721891997,41.32881829875574,1,AUDUSD
0.24199843871961207,0.8727701606958274,0.4,40.624999999998586,41.46456490509076,1,AUDUSD
0.5794205794205572,0.8401639344262138,0.4,30.927835051545685,42.31414543209068,1,AUDUSD
0.6866416978776528,0.850965250965243,0.6,36.99633699633567,42.9314144109896,1,AUDUSD
0.9001406469759118,0.8243559718969458,0.8,42.97188755020093,42.206887357314834,1,AUDUSD
1.2736660929428918,0.7897664071190089,0.6,46.12068965517072,39.95444644054652,1,AUDUSD
1.0599078341010992,0.8477633477633401,0.6,46.581196581195385,37.853896012291436,0,AUDUSD
0.6696935300791015,0.8887256702166554,0.6,42.578125000000625,35.49988029848092,0,AUDUSD
0.5458290422241219,0.9050814956854966,0.6,48.16176470588244,32.245924385529335,1,AUDUSD
0.4540867810289172,0.8774373259052566,0.4,47.98534798534691,30.515612480449484,1,AUDUSD
0.4511278195485606,0.8225108225107742,0.4,43.51145038167888,28.30527379952222,1,AUDUSD
1.0296411856469336,0.8358662613981392,0.2,50.220264317179634,24.685705299520567,1,AUDUSD
1.9290465631917575,0.8628221930973996,0.4,61.05769230769285,23.680414294229603,1,AUDUSD
4.73684210526101,0.9410589410589428,0.2,61.65048543689103,23.98194159038488,0,AUDUSD
5.317220543805754,0.935325419566126,0.2,55.191256830601425,25.377571872941104,0,AUDUSD
4.563591022444664,0.9655891553701978,0.4,52.32558139534787,27.227478502259533,0,AUDUSD
4.793187347931689,1.0019392372333824,0.6,56.172839506171485,29.138470735832414,0,AUDUSD
4.847645429364091,1.0351648351648486,0.4,50.31446540880705,31.049462969405305,0,AUDUSD
2.8808864265935816,1.0725552050473481,0.4,44.84848484848522,33.216751694815265,0,AUDUSD
1.4738510301111274,1.0636886333481017,0.4,40.0000000000012,35.146030336965076,0,AUDUSD
0.577617328519767,1.0101237345332008,0.2,37.10691823899467,35.292149003831945,0,AUDUSD
0.5115712545674093,1.0320037105751525,0.4,30.555555555558342,35.28760351485068,0,AUDUSD
0.39134912461360927,1.05227579990989,0.6,42.68292682926812,34.20682471953234,0,AUDUSD
0.5875440658048586,1.0636886333481081,0.6,39.54802259887087,35.52790064734997,0,AUDUSD
0.9877913429522027,1.097159324825049,0.6,34.65346534653597,35.63012544531497,0,AUDUSD
1.0073111291633354,0.9676775738228102,0.4,38.86462882096,31.855128469572417,0,AUDUSD
1.3946587537092825,0.9838646202282405,0.4,40.43478260869561,29.40582980076135,0,AUDUSD
1.3415794481446515,0.9625668449197847,0.6,42.916666666669045,28.045074055677198,0,AUDUSD
0.7475943745373061,0.9541778975741116,0.6,34.459459459459296,26.92032161513526,0,AUDUSD
0.6973400431344535,0.9652037069417625,0.8,40.384615384615046,25.909417625507864,0,AUDUSD
0.9099018733272979,1.000716075904035,0.8,42.76315789473728,25.060778220494054,0,AUDUSD
0.5604321404455542,1.0952380952381016,0.6,41.13924050632949,25.985412641191324,0,AUDUSD
0.6106870229006821,1.0765239948119432,0.4,41.800643086817,28.095856818862437,0,AUDUSD
0.968074150360591,1.1065343568620205,0.6,41.423948220064645,30.720114639655694,0,AUDUSD
1.048088779285021,1.13902205177375,0.6,41.23376623376703,33.44721704131032,0,AUDUSD
0.9079118028534241,1.1113273647333757,0.4,35.68904593639785,36.52394497005103,0,AUDUSD
0.9687034277197941,1.1012706969580404,0.6,44.74576271186466,38.17020473684243,0,AUDUSD
0.636704119850182,1.0206817311374996,0.8,54.18060200668797,37.78918297408278,0,AUDUSD
0.8794788273616291,1.1158493248045658,0.6,52.226720647774215,34.39310401065877,0,AUDUSD
1.9193857965454495,1.0972744360902407,0.6,56.52173913043353,32.465460394396935,0,AUDUSD
2.813299232737619,1.062801932367148,0.6,50.94339622641599,29.982467197118357,0,AUDUSD
2.2292993630576907,1.0673767075711933,0.6,52.07373271889468,29.298401987567107,0,AUDUSD
2.3897911832952494,0.9931126416351725,0.6,56.61375661375568,25.561690619278192,0,AUDUSD
1.972789115646858,0.9659863945578058,0.4,52.247191011235074,24.109928096087696,0,AUDUSD
1.3935969868176765,0.9728867623604146,0.6,60.22727272727044,23.024387496870144,0,AUDUSD
1.1148086522464777,0.9577922077922117,0.4,60.57142857142854,22.257911103773488,0,AUDUSD
1.016042780748582,0.9430438842203575,0.4,60.795454545455975,21.221132756071675,0,AUDUSD
0.9807355516640205,0.9433962264150932,0.4,42.40506329113826,20.742038679417664,0,AUDUSD
0.7962213225374237,0.9202601782703042,0.6,53.703703703704335,21.007986568007915,0,AUDUSD
0.7682458386685707,0.9443507588532927,0.4,47.36842105263363,20.819431384191606,0,AUDUSD
0.8344733242136745,0.8940719144800685,0.6,43.03797468354351,20.7463670439508,0,AUDUSD
0.7989347536621979,0.9140859140858894,0.6,44.58598726114587,20.055174178844,0,AUDUSD
1.0249671484891527,0.9402332361515813,0.6,39.2045454545465,18.689337886758928,0,AUDUSD
1.639928698752793,0.9616355376072859,0.4,40.11627906976692,17.650163596353643,0,AUDUSD
1.9001919385804893,0.9851347946585974,0.6,38.69047619047414,17.825927681890896,0,AUDUSD
1.8443316412866144,0.9629992648860393,0.6,44.324324324322866,17.017657005199172,0,AUDUSD
1.2220762155058904,1.010285714285703,0.6,68.74999999999882,41.662224201921326,0,AUDUSD
1.0249671484888536,0.9516015898994689,0.8,63.33333333333135,40.65339696358695,0,AUDUSD
0.6659012629161883,0.9491850431447661,0.8,67.4556213017737,40.1368513622966,0,AUDUSD
0.7600596125185771,0.9523809523809466,0.8,68.26347305389154,40.354672365552844,0,AUDUSD
1.7705735660852304,0.9548482605477524,0.6,67.05882352941215,43.29019648363933,0,AUDUSD
1.0507880910684546,0.9924038225924832,0.4,58.56353591160268,43.28802044186002,0,AUDUSD
1.3772455089823459,0.9770540340488606,0.4,56.39534883720904,40.53092091056754,0,AUDUSD
1.2121212121212261,0.98920863309353,0.4,66.85082872928092,37.948672290154384,0,AUDUSD
1.16751269035491,0.9963099630996369,0.4,63.428571428569505,35.97155388479392,0,AUDUSD
0.8652246256234924,0.9782900026802495,0.6,63.63636363636306,32.65818220407566,0,AUDUSD
1.2408759124081143,0.9644246803779769,0.6,68.29268292682843,30.41750588641595,0,AUDUSD
1.7338003502629014,1.0864135864135838,0.6,68.6746987951805,67.77656274417687,0,AUDUSD
1.776447105788733,1.0426065162907237,0.4,64.60176991150402,66.32565554471606,0,AUDUSD
1.9532908704887486,1.0007505629221944,0.2,56.084656084657574,63.4170326360941,0,AUDUSD
2.6099706744869184,0.9822986786337423,0.2,54.39560439560564,59.677990677157524,0,AUDUSD
4.162895927601992,0.9285714285714317,0.4,68.02721088434998,57.32362174511883,0,AUDUSD
2.411575562700804,0.8971233544612252,0.6,64.39393939393588,56.083346629548764,0,AUDUSD
2.2507122507116644,0.8994708994708756,0.6,65.89147286821773,54.74704664918228,0,AUDUSD
1.7250673854439442,0.917622523461909,0.8,61.73913043478244,52.04485633308588,0,AUDUSD
0.4077471967379855,0.9720730397422158,0.8,68.71508379888168,48.8738945241891,0,AUDUSD
0.5098855359002303,0.9532967032967129,0.6,61.9354838709676,46.43733729260092,0,AUDUSD
0.7186358099875246,0.9360544217687148,0.4,67.60563380281525,44.24351066015144,0,AUDUSD
1.357254290170904,0.9470603884011783,0.4,69.23076923077043,43.41739403305162,0,AUDUSD
1.576182136602779,1.0821147356580596,0.6,66.66666666666876,52.25935471370765,0,AUDUSD
2.58907363420519,0.9078976154014476,0.4,66.21621621621571,53.00676864115912,0,AUDUSD
2.4703087885994646,0.8625336927223699,0.2,61.486486486489014,51.24018079862164,0,AUDUSD
2.593516209476696,0.8621078763259008,0.2,61.073825503360005,48.78781318355126,0,AUDUSD
2.5219941348972266,0.8379120879120823,0.0,48.4374999999981,45.602067631393176,0,AUDUSD
1.8126888217527222,0.8604985618408418,0.0,38.84297520660922,41.667699876800874,0,AUDUSD
2.337662337663234,0.853139854891173,0.0,33.035714285712245,38.38531217819438,0,AUDUSD
2.2709163346604373,0.9393346379647866,0.2,33.035714285712245,35.231630301473174,0,AUDUSD
1.3675213675205549,0.9202453987729945,0.4,42.201834862382235,32.28727406558119,0,AUDUSD
1.2408759124081794,0.9011880614314268,0.6,54.20560747663318,29.467024684365377,0,AUDUSD
1.4824797843654454,0.9190172884439929,0.6,48.48484848484373,26.8997368996875,0,AUDUSD
0.784313725489433,0.9294680215181724,0.8,53.63636363636767,23.45827132569579,0,AUDUSD
0.6134094151208096,0.9634551495015927,0.6,44.696969696968544,20.671058538484093,0,AUDUSD
0.6095979247726574,0.9168884945281699,0.6,47.10144927536354,17.13485326139345,0,AUDUSD
0.7020280811227282,0.8944374209860421,0.4,50.38759689922734,13.944370802778092,0,AUDUSD
0.4744069912608303,0.8726567550096879,0.6,61.481481481483,14.040349788433335,1,AUDUSD
0.6144393241169139,0.8866995073891578,0.4,61.02941176470444,13.587375015369949,1,AUDUSD
0.9819967266774705,0.9144088669950541,0.4,52.86624203821399,12.958452685927156,0,AUDUSD
0.8485856905155762,0.9298029556650044,0.4,60.00000000000135,12.83393951793526,0,AUDUSD
0.6342780026988023,1.0038610038610054,0.6,66.08187134502977,13.195549945771761,0,AUDUSD
1.06830122591932,1.0536980749746612,0.4,65.31791907514432,13.031705865756816,0,AUDUSD
1.401050788090819,1.1062097047844994,0.6,65.11627906976594,13.413307781885491,0,AUDUSD
1.5914489311160942,1.0806289729006278,0.8,64.07185628742614,14.786782791724567,0,AUDUSD
2.222222222222158,1.0656548993731838,0.6,57.926829268292884,15.232575143752332,0,AUDUSD
3.3864541832669306,1.0862409479921582,0.4,56.54761904761806,15.249944215687153,0,AUDUSD
1.2044374009502437,1.0691440755407127,0.6,61.170212765955526,15.442704978161533,0,AUDUSD
0.48466864490582934,1.0072150072150654,0.4,64.79591836734619,17.73216912557018,1,AUDUSD
0.4785894206548234,1.059206952743141,0.4,56.69642857142711,17.215643320424547,0,AUDUSD
0.5034324942790315,1.084018022793554,0.4,48.87892376681641,16.168202669022385,0,AUDUSD
0.8412197686643671,1.0895445134575654,0.4,52.03619909502306,14.98408931457571,0,AUDUSD
0.6893880712625385,1.0648918469218036,0.4,68.07692307692221,16.568654175003264,0,AUDUSD
0.7534807534807804,1.0810162991371113,0.4,62.64591439688703,18.46306411289221,0,AUDUSD
0.5470459518599841,1.1167985109353424,0.6,66.19718309858979,20.794219856082588,0,AUDUSD
0.4733283245682354,1.1090826106800646,0.6,64.16382252559728,22.50346470510107,0,AUDUSD
0.3285420944560749,1.085077343039169,0.6,65.5737704918034,23.260579145079674,0,AUDUSD
0.6852497096402983,1.0786717182973542,0.6,65.34653465346524,24.034388668889054,0,AUDUSD
0.7150964812713112,1.1159287996348994,0.6,63.461538461537636,26.444720617761124,0,AUDUSD
0.923994038747821,1.1279385171790595,0.4,60.36585365853696,28.022201442306596,0,AUDUSD
0.8643815201187117,1.07029478458052,0.6,56.81063122923634,28.468970538962065,0,AUDUSD
0.6377858002403601,1.0482087571870957,0.6,57.37704918032733,27.83560176755227,0,AUDUSD
0.5050505050502923,1.0479175996417294,0.6,62.32876712328702,27.082003813422006,0,AUDUSD
0.5458768873401565,0.9802197802197462,0.6,65.94202898550782,30.222463708243165,0,AUDUSD
0.8737864077669324,0.9545653123634704,0.6,68.16479400749222,33.83832446696095,0,AUDUSD
1.2077294685989903,0.9436834094368202,0.6,67.55725190839722,37.52712072212885,0,AUDUSD
1.8895966029717226,0.8709175738724672,0.4,52.511415525113094,36.435166699140765,0,AUDUSD
2.384428223843197,0.879982086878622,0.2,55.023923444974905,34.94393862896566,0,AUDUSD
2.96587926509054,0.8448540706605028,0.4,46.892655367233125,33.26515018833453,0,AUDUSD
2.5575447570327983,0.879833294744161,0.4,47.97687861271635,31.54670161487531,0,AUDUSD
1.9108280254776373,0.9021296960995391,0.4,45.12195121951062,30.234937454311666,0,AUDUSD
2.225063938618665,0.8970658970659041,0.4,41.379310344825164,29.75829943068123,0,AUDUSD
1.2369597615499774,0.9824561403508635,0.6,55.080213903744145,27.166791258560902,0,AUDUSD
0.8171206225682113,0.9804407031443642,0.4,55.97826086956532,26.064892165589548,0,AUDUSD
0.4673650282029438,1.063519104404984,0.6,64.0000000000006,26.824753602620667,0,AUDUSD
0.43853342918751886,1.0482529118136672,0.6,62.32558139534964,27.693969108119454,0,AUDUSD
0.40977713874899174,1.0426653883030002,0.8,62.84403669724806,28.321377090819254,0,AUDUSD
0.5352363960748695,1.0313472122517682,0.8,66.9856459330147,27.244144646222473,0,AUDUSD
1.0556348074185213,0.9165386584741843,0.6,66.29834254143609,80.02094877007781,0,AUDUSD
0.9985315712191217,0.8714541272680815,0.6,60.38961038961006,74.74586998856546,0,AUDUSD
1.4009661835750433,0.8893927941547071,0.4,62.83783783784006,70.01000689332767,0,AUDUSD
1.6112084063048988,0.9802862543883307,0.6,64.74358974359126,64.75282682270009,0,AUDUSD
1.5307820299503045,1.0112359550561532,0.6,69.10112359550716,59.84211253698584,1,AUDUSD
1.422708618330941,0.9707280460345012,0.6,56.36363636363502,52.89230558717799,1,AUDUSD
0.7243460764587366,1.0573678290213646,0.4,36.708860759492545,47.67113082285518,1,AUDUSD
0.43826830571876224,1.1012826183104916,0.4,31.75182481751726,43.48410275400594,1,AUDUSD
0.48125867653854437,1.1670299187636213,0.2,33.82352941176251,38.52559081565661,0,AUDUSD
0.33173286774328553,1.2196000720590963,0.4,38.46153846153942,37.0120162969677,0,AUDUSD
0.38737446197984327,1.186350777934935,0.6,43.89671361502394,36.784627486657826,0,AUDUSD
0.4876580373267332,1.1640856098833978,0.8,41.70731707317055,36.27785280021372,0,AUDUSD
0.4122423485319438,1.1507460126907691,0.8,45.81395348837165,35.96375277686622,0,AUDUSD
0.3968816442237945,1.1519649181986797,1.0,49.12663755458424,35.89503652955991,0,AUDUSD
0.5740528128585677,1.1350059737156362,0.8,48.38709677419247,35.435603489481345,0,AUDUSD
0.8114856429462045,1.1144527986633186,0.8,46.3087248322154,35.913922431262314,0,AUDUSD
0.8409986859395379,1.1120514556533352,0.6,42.523364485981716,36.07686223626418,0,AUDUSD
1.5151515151515327,1.0786478681841283,0.4,43.645083932854696,38.19283232806583,0,AUDUSD
3.5048231511264007,0.9591594644975333,0.4,53.95894428152492,37.64959606481961,0,AUDUSD
2.394678492239664,0.9183673469387763,0.4,56.790123456790255,35.658770397757344,0,AUDUSD
1.6966067864271452,0.8425343978257175,0.2,63.66782006920366,32.1579048249748,0,AUDUSD
1.1232449297971485,0.8131339178270448,0.4,62.36559139785057,28.8905500753811,0,AUDUSD
0.9563994374121307,0.8304647160069121,1.0,69.47368421052698,26.20333332578971,0,AUDUSD
1.8414322250629789,0.8472284812978992,0.8,61.67664670658568,26.017614465720023,0,AUDUSD
1.2199630314228573,0.9166666666666717,0.8,67.97752808988776,25.81452162588179,0,AUDUSD
1.3863216266169767,0.9653916211293383,0.6,62.71186440677712,25.861259422124323,0,AUDUSD
1.368909512760231,0.9648887697668349,0.6,66.66666666666666,25.273405675642238,0,AUDUSD
2.0924574209241262,0.884955752212394,0.8,67.92452830188085,35.68771284039054,0,AUDUSD
2.930513595166426,0.891658676893559,0.6,63.302752293576766,35.800091984371434,0,AUDUSD
1.7757009345790389,0.9535283993115313,0.8,66.66666666666666,37.30207076256546,0,AUDUSD
2.5791855203631266,0.9776430466085261,1.0,65.33333333333411,36.96024580672347,1,AUDUSD
6.703296703311732,1.0112781954886727,0.8,62.82051282051501,37.14365814368268,1,AUDUSD
10.70422535214529,1.0225175341453785,0.6,60.2739726027416,36.45872663683449,0,AUDUSD
9.45054945056984,1.080777860882516,0.4,54.66666666666884,34.86840519357326,0,AUDUSD
5.359116022104125,1.1311053984575683,0.2,39.189189189183715,34.31441458324616,0,AUDUSD
2.141119221411639,1.1669024045261598,0.2,54.545454545456586,33.67169310719293,0,AUDUSD
0.40846097738877624,0.9970517287590778,0.6,69.56521739130329,40.15478236019717,1,AUDUSD
1.0792192881742704,1.0085513078470951,0.4,68.47826086956718,39.352912316404236,1,AUDUSD
1.1866859623733275,1.1518031870282686,0.2,63.26530612245117,38.98050694399834,0,AUDUSD
1.719038817006126,1.173864894795165,0.0,62.626262626264165,38.28745000094109,0,AUDUSD
1.716287215412175,1.1729045861887581,0.0,56.10859728506758,36.52492680984578,0,AUDUSD
1.7922606924656395,1.1613756613756936,0.0,55.35714285714322,34.17855555834086,0,AUDUSD
1.3559322033908394,1.1676331049024926,0.0,53.679653679653704,31.69679074780777,0,AUDUSD
1.6515426497282912,1.164486921529204,0.2,57.50000000000035,29.439725778877488,0,AUDUSD
1.2480499219967502,1.1119293078056207,0.4,62.70491803278823,26.69217196282953,0,AUDUSD
1.2678288431059548,1.082036775106116,0.6,62.551440329218444,25.08654654767961,0,AUDUSD
1.290322580644789,0.9929742388758873,0.8,54.27135678391983,23.709274327316074,0,AUDUSD
0.9984871406957475,0.9200567644276356,1.0,47.39884393063469,21.214734906137476,0,AUDUSD
1.055662188099976,0.907335907335928,1.0,42.40506329113826,18.885650015475765,0,AUDUSD
0.9650582362732109,0.8972845336481887,1.0,56.050955414013636,15.454637816427764,0,AUDUSD
1.2698412698415444,0.8846990572879166,1.0,63.33333333333605,15.367782289488131,0,AUDUSD
1.7060367454067171,0.8463796477495464,1.0,64.42953020134003,16.54363171226611,1,AUDUSD
1.0730253353204027,0.9792843691148664,0.6,69.54022988505508,30.392274809842963,1,AUDUSD
0.9290709290708117,1.0127201565557613,0.4,53.5353535353515,28.727413659903522,0,AUDUSD
1.0304942166140634,0.9848854217454706,0.4,45.30386740331448,28.25545454132803,0,AUDUSD
0.8532778355877945,1.0143108209891918,0.4,44.69273743016992,29.007004774783518,0,AUDUSD
0.6114839671884774,1.0370194589463528,0.4,54.79452054794639,28.797406511342285,0,AUDUSD
0.8123249299719084,1.0738095238095164,0.4,50.643776824036216,28.08626296495024,1,AUDUSD
0.8891928864572389,1.0763888888888835,0.6,46.00938967136094,28.926295087334257,1,AUDUSD
0.8860759493672865,1.0863095238095004,0.6,42.924528301884244,28.716612694487704,1,AUDUSD
0.5146316851664849,1.1185515873015814,0.6,50.4098360655742,27.027724882008965,1,AUDUSD
0.745428973276857,1.059668234711551,0.4,41.9491525423716,25.450469507285103,1,AUDUSD
0.7765451664024966,1.0517241379310391,0.6,41.9491525423716,24.30474806081158,1,AUDUSD
0.6814580031694408,1.0211180124223525,0.6,44.6902654867251,22.20341915715705,1,AUDUSD
0.8909370199694143,1.0204081632652902,0.8,45.17543859649116,20.653910464791544,0,AUDUSD
2.2658610271904833,1.0445205479451887,0.8,43.69369369369488,18.393396446100127,1,AUDUSD
3.278008298756736,0.9705372616984158,1.0,55.080213903744145,17.550530435636126,0,AUDUSD
1.3972055888220454,0.8919123204837389,0.8,56.59340659340733,17.67228368238948,1,AUDUSD
1.4602587800364255,0.876623376623374,0.8,60.43956043955843,16.465473761742313,1,AUDUSD
0.9317803660559693,0.8878269617706042,0.8,61.90476190476023,15.599829971570387,1,AUDUSD
0.8223201174741299,0.8515505846466589,0.6,45.859872611466315,15.860366649750446,1,AUDUSD
2.995090016366612,0.9990862016448534,0.6,59.292035398230304,44.67370964240949,0,AUDUSD
3.2945091514132394,1.0163092721232343,0.4,53.99061032863864,47.02778736817369,0,AUDUSD
2.4508320726162096,1.0215394361735821,0.6,58.82352941176471,46.01896902602164,0,AUDUSD
3.22896281800117,1.0059263880224487,0.6,57.575757575758765,44.8856625961049,0,AUDUSD
4.33962264150296,1.016483516483498,0.6,62.29508196720953,46.570287593156806,0,AUDUSD
4.471299093648479,1.036036036036024,0.6,60.79545454545326,47.37807189409083,0,AUDUSD
6.677740863779098,1.0669077757685328,0.6,59.44444444444218,45.708019987071076,0,AUDUSD
3.3773861967693417,1.0025062656641708,0.6,47.53086419753225,41.24969579510904,0,AUDUSD
3.249001331558425,1.0056107034959116,0.6,50.0,36.45651415463717,0,AUDUSD
0.5550416281221092,0.9572235673930868,1.0,61.11111111111191,18.28362872201684,0,AUDUSD
0.4862953138814348,0.9372370856470069,0.8,63.822525597269816,22.19415845115007,1,AUDUSD
0.5267234701780759,0.9148727984344576,0.6,54.76190476190584,24.421998739807794,0,AUDUSD
0.6199854121081023,0.9007981755986452,0.6,55.96026490066126,26.289493563823587,0,AUDUSD
0.8150744960561372,0.8429858429858486,0.6,56.25000000000092,28.90732340488319,0,AUDUSD
1.448189762796248,0.8564408564408655,0.6,66.00790513834147,34.996879402719244,1,AUDUSD
0.7186678352317422,0.9089285714285726,0.6,62.99999999999956,40.08781818907271,1,AUDUSD
0.23340627279337509,1.0597106174851851,0.6,67.82334384857984,49.990067812043165,1,AUDUSD
0.21152443471901583,1.1162603264154418,0.4,58.83977900552461,51.16202174212903,1,AUDUSD
0.34588777863179215,1.0424169667866878,0.2,47.87878787878749,42.95672781370616,1,AUDUSD
0.3703703703700679,0.7749229188077786,0.6,58.18181818181928,16.088215764266902,0,AUDUSD
0.36903690369003334,0.8271853342275519,0.4,55.895196506550306,17.045741631756467,1,AUDUSD
0.5327413984457685,0.8703071672354439,0.2,57.91855203619846,17.747804635175832,0,AUDUSD
0.590717299577538,0.9863307424282528,0.2,59.67741935483929,21.059431568448872,1,AUDUSD
0.7407407407403778,1.0420168067226623,0.2,56.20155038759631,20.578593587610705,1,AUDUSD
0.5873715124814721,1.0053961942629575,0.4,53.68852459016291,20.102403111420177,1,AUDUSD
0.6240249609984617,1.0125109106778964,0.4,56.223175965665355,20.02600199259814,1,AUDUSD
0.6540447504303454,1.014960398943954,0.2,56.956521739129904,20.491508708106377,1,AUDUSD
0.6839186691314284,0.9890109890110033,0.4,55.605381165918494,20.57183544559629,0,AUDUSD
0.7984031936129958,0.9837997054492049,0.6,53.73831775700785,18.25646014293364,0,AUDUSD
0.8711433756809432,0.9678354100261098,0.6,52.63157894736702,17.12774727164727,1,AUDUSD
0.6901615271663135,0.8891523414345484,0.6,38.91891891892145,17.266474137365137,1,AUDUSD
0.8232118758432221,0.9941520467836299,0.8,68.97959183673306,47.991534416156654,0,AUDUSD
0.6314580941444372,0.8899676375404242,0.6,63.80090497737388,56.569568297432326,0,AUDUSD
1.0820451843040146,0.9662505779010375,0.4,60.98654708520017,54.60348649709614,0,AUDUSD
0.8695652173909793,1.0011614401857922,0.4,52.01612903225763,52.11504323524686,0,AUDUSD
0.8399646330678348,1.0437710437710328,0.2,45.7831325301222,48.73556496673807,0,AUDUSD
0.9125840537941855,1.0769230769230487,0.2,45.121951219512084,45.77998273384468,0,AUDUSD
1.42857142857132,1.100511865984167,0.2,40.151515151516136,42.5094365905215,0,AUDUSD
1.2125534950076413,1.0391705069124377,0.4,35.62753036437253,40.74120956486032,0,AUDUSD
0.9011943539631582,1.0601265822784662,0.6,46.66666666666749,39.374784394635526,0,AUDUSD
0.7396733909703174,1.043013149097357,0.4,37.26235741444765,35.758686377109036,0,AUDUSD
0.6874328678841789,1.0421726650474292,0.4,34.33962264150907,32.81542881292573,0,AUDUSD
0.41981528127618367,1.1251384274640037,0.4,38.38383838383903,27.692449975292877,0,AUDUSD
0.5041246562787247,1.1108709747136365,0.4,40.19607843137166,24.93741149150973,0,AUDUSD
0.6376195536664002,1.0468920392584562,0.6,47.727272727272435,23.682516256682,0,AUDUSD
0.4064352243861581,1.0036852373726555,0.6,43.4482758620696,23.361741183005595,0,AUDUSD
1.0483210483210066,1.0870363569592287,0.8,37.17948717948863,39.97172738875927,0,AUDUSD
1.016507384882534,1.0821382007822637,0.6,37.17948717948863,40.271991686735156,0,AUDUSD
0.635918937805688,1.0826878039992656,0.4,31.85840707964509,41.47794576965524,1,AUDUSD
0.42902784116838427,1.1227956641320003,0.4,49.886621315192,40.607887962231146,0,AUDUSD
0.26264210113683845,1.1290575505723655,0.2,43.54485776805284,39.09889851791868,0,AUDUSD
0.3010839020473829,1.1473922902494282,0.4,46.85598377281921,36.169664566413346,0,AUDUSD
0.33465433729633853,1.1385606874328662,0.6,51.162790697674964,35.1909082234181,0,AUDUSD
0.6701708278583539,0.9495295124037602,0.4,57.21784776902769,20.18341170731657,0,AUDUSD
0.9985315712186331,0.9234959148304188,0.4,32.978723404256954,35.616221373570525,1,AUDUSD
0.3556771545828652,1.0066918824556133,0.6,30.386740331493,45.68527682694007,1,AUDUSD
0.8662900188331525,1.006362058993642,0.6,32.73809523809578,48.989818314284825,1,AUDUSD
1.2165450121667203,1.0050700864897282,0.4,36.66666666666865,51.840475495650516,1,AUDUSD
0.9039548022609081,0.9892347977887871,0.6,45.962732919252346,52.35273566742142,1,AUDUSD
0.9982788296050856,1.0170487948265967,0.4,40.00000000000135,55.233752572827974,1,AUDUSD
0.9176788124165935,1.0353606789250787,0.4,49.462365591397266,55.46126287227918,0,AUDUSD
0.6570302233906059,0.9374122930115686,0.4,51.68539325842564,52.24084206526411,0,AUDUSD
0.7392996108953435,0.934393638170997,0.4,50.82872928177042,49.557415345043864,1,AUDUSD
0.9406657018812707,0.9552495697074024,0.4,49.4318181818175,47.48209246226651,1,AUDUSD
0.6041923551170074,0.9266409266409251,0.4,61.78010471204353,41.74447188510826,0,AUDUSD
0.9272467902995719,0.9113300492610714,0.6,58.52272727272856,38.14251828315453,0,AUDUSD
2.9944547134929156,1.1319822046465466,0.4,53.886010362694115,17.190891416661632,0,AUDUSD
2.0984081041965044,1.144302577692082,0.2,41.87192118226736,15.163413758931776,0,AUDUSD
1.7403708987158755,1.1363636363636025,0.4,48.54368932038693,12.578311324696939,0,AUDUSD
1.1637487126671706,1.085018482278704,0.4,49.28229665071837,12.106600781044921,0,AUDUSD
1.3391877058177089,1.079982891360107,0.4,52.55102040816572,12.618039028330887,0,AUDUSD
1.3666228646520577,1.092564491654007,0.6,54.9738219895263,11.959218148777131,0,AUDUSD
1.77133655394586,1.0873251377702375,0.6,48.46938775510056,11.453374785791505,0,AUDUSD
1.8914185639237804,1.065126050420182,0.6,42.6136363636393,12.959327166742122,0,AUDUSD
3.076923076925251,1.0693400167084504,0.4,45.18072289156876,13.108158733140497,0,AUDUSD
2.825484764544267,1.0929432013769793,0.6,44.84848484848522,14.041865549198876,0,AUDUSD
1.8655097613890916,1.039742212674571,0.4,36.746987951807306,15.401692936422181,0,AUDUSD
1.3935969868176765,0.9702291711287306,0.4,35.260115606938456,17.55836026749488,0,AUDUSD
1.3819577735124593,0.9594882729211031,0.2,32.402234636869466,20.756695171843056,0,AUDUSD
1.2655971479496615,0.9868562809739186,0.4,37.362637362635695,22.20857662372338,0,AUDUSD
1.0256410256406006,0.9231411862990769,0.2,36.55913978494374,24.979770154118178,0,AUDUSD
1.3671274961590147,0.8855472013366644,0.2,42.49999999999861,26.00101198418292,0,AUDUSD
1.859099804304016,0.8796196239464075,0.2,34.8684210526296,27.13312904308263,0,AUDUSD
0.7821901323704495,0.9276437847866541,0.6,30.939226519337666,42.27043399925544,0,AUDUSD
0.9194097616343732,1.0434173669467548,0.6,33.061224489795634,49.95569693986998,0,AUDUSD
0.9988518943744099,1.0569105691056706,0.4,34.61538461538352,50.10351784141057,0,AUDUSD
0.7037358818420595,1.0601265822784922,0.2,33.196721311474505,50.35585098767786,0,AUDUSD
0.8135942327499052,1.0742496050553203,0.2,31.640624999999034,50.045536286520296,0,AUDUSD
0.584890333062564,1.0825199645075807,0.4,37.27598566308296,50.08627985667703,0,AUDUSD
0.6010928961747348,1.0640101738025016,0.2,35.13513513513563,48.913337991676045,0,AUDUSD
0.5031446540879565,1.0652353426920271,0.4,39.61661341852998,48.602035309685185,0,AUDUSD
0.6058221872538914,1.0693993506493742,0.4,38.62928348909661,49.09883501479019,0,AUDUSD
0.5369127516776794,1.0333065810594007,0.6,49.18032786885257,44.75195037234,0,AUDUSD
0.7650765076506427,1.0235434956105358,0.4,43.25259515570971,40.111567058971914,0,AUDUSD
1.116951379763517,1.0330912025827332,0.4,41.31944444444379,37.17025481671192,0,AUDUSD
1.3420621931260943,1.0656934306569406,0.4,41.31944444444379,34.24090523028091,0,AUDUSD
1.330998248686774,0.9997908387366673,0.4,45.593869731801675,29.60324725555599,0,AUDUSD
1.426533523538278,1.0287267080745233,0.2,40.33898305084817,26.190595887954224,0,AUDUSD
0.8091908091910078,1.0313111545988125,0.4,41.13712374582089,26.37149121654532,0,AUDUSD
0.5915267785773876,1.0461956521738922,0.6,46.60493827160499,25.693592887965735,0,AUDUSD
0.5339435545386172,1.0068027210884023,0.6,53.15614617940231,23.77027192733627,0,AUDUSD
0.5809450038731547,0.982022037502382,0.6,55.36332179930841,21.108474971624833,0,AUDUSD
0.42204995693374714,0.9954301609377835,0.8,54.577464788731184,18.199044532781862,0,AUDUSD
0.7398273736127984,0.9250749250749204,0.8,63.745019920320246,16.206401982199036,0,AUDUSD
0.6914212548012741,0.9319435928877746,0.6,54.05405405405475,14.821438726121633,0,AUDUSD
0.7966706302018873,0.9329855537720507,0.6,60.00000000000085,12.820711923246206,0,AUDUSD
1.1674347158211753,1.2113617376775279,0.6,35.04043126684752,18.98898025890972,0,AUDUSD
1.0599078341009287,1.2450851900393112,0.6,35.86956521739275,21.53537939135672,0,AUDUSD
1.897810218976687,1.3190398508505785,0.6,35.05434782608806,24.291269711398403,0,AUDUSD
2.470119521910903,1.3527397260273677,0.6,36.49025069637965,27.79331929600172,0,AUDUSD
2.605363984673153,1.2437562437562035,0.6,42.05607476635592,29.033015150462518,0,AUDUSD
2.9411764705879384,1.2237673830593778,0.6,32.52595155709466,29.08076697535061,0,AUDUSD
1.5437902028699104,1.1287061994609349,0.6,37.17948717948809,64.46827151339615,0,AUDUSD
1.6891554222887295,1.1822660098522448,0.6,35.26970954356858,65.18649576584843,0,AUDUSD
1.5632401705351004,1.1904761904762309,0.4,33.86454183267128,65.43623897343782,0,AUDUSD
2.591725214675683,1.237899677324754,0.6,41.13475177305146,66.11592031188758,0,AUDUSD
1.7780661907850699,1.2745513635721506,0.6,51.88405797101388,65.95835371082018,0,AUDUSD
1.950832672482111,1.2620589401348092,0.4,53.11572700296792,64.94988737936478,0,AUDUSD
1.7915774446822919,1.2942931741887567,0.4,49.58217270194868,62.2417132006022,0,AUDUSD
1.8891320204231405,1.291068386468736,0.6,49.72222222222196,58.77695873445088,0,AUDUSD
2.133784928027236,1.300291545189511,0.4,48.37837837837832,54.91175019695669,0,AUDUSD
6.659877800407451,1.295604395604395,0.2,47.83783783783726,49.569374625429425,0,AUDUSD
5.571687840289701,1.2559567933919213,0.2,48.493150684930825,45.63859519032701,0,AUDUSD
4.067547723935217,1.2640877246420923,0.4,51.79487179487206,41.57858574411989,0,AUDUSD
5.12077294686022,1.040681173131491,0.4,64.98054474708223,35.860199019475644,0,AUDUSD
3.605051664753498,0.9505974674513862,0.6,65.64885496183248,32.76544760539593,0,AUDUSD
2.532299741602247,0.9104991394147968,0.6,59.72222222222196,29.670696191316207,0,AUDUSD
2.2194922194925066,0.9389711546691762,0.6,66.55844155844085,26.731818337917563,0,AUDUSD
2.151029748284266,0.8984830805134129,0.6,63.98601398601203,25.150269187979095,0,AUDUSD
1.4378554021124186,0.9422694094226888,0.4,45.312499999999865,22.568033498281984,0,AUDUSD
1.3691026827015182,0.9404931730181324,0.4,45.312499999999865,23.242017377547416,0,AUDUSD
1.0407993338887036,0.9821428571428535,0.4,52.380952380952735,22.488355638668143,0,AUDUSD
0.6761833208114583,0.9527220630372376,0.2,51.16279069767458,23.18432306146912,0,AUDUSD
0.7514450867051471,0.9384069654950029,0.2,51.50501672240853,23.273149031962358,0,AUDUSD
0.8274785323967331,0.9422260907409495,0.2,46.38554216867621,24.61935825243673,0,AUDUSD
0.6335728282169745,0.9241071428571491,0.4,48.554913294797856,26.99928079187791,0,AUDUSD
0.990685859441283,1.0359231411862684,0.4,41.16222760290564,33.95396720009737,1,AUDUSD
1.664447403462198,1.0056481609036914,0.4,37.20930232558093,37.851428342502395,1,AUDUSD
1.2623490669596904,1.0038610038609974,0.2,32.48081841432234,41.919268760917355,1,AUDUSD
1.3734392735531429,0.9399224806201569,0.2,37.685459940652805,46.067526001957994,1,AUDUSD
0.9990205680704105,0.9196515004840231,0.4,41.01123595505656,48.13041034443663,1,AUDUSD
1.0801393728220507,0.9229208924949243,0.6,44.82758620689766,49.67098397537992,1,AUDUSD
0.6385169927908724,0.8791208791208822,0.6,53.15315315315219,48.663077153519865,1,AUDUSD
0.7150368033646887,0.8930489489028726,0.8,50.0,47.05702607571561,1,AUDUSD
0.45812124016662376,1.1893988364576675,0.4,40.63926940639184,22.676322435189185,0,AUDUSD
0.39693926351029507,1.2041969330105198,0.6,43.35511982570789,23.634605857927713,0,AUDUSD
0.33656297807235885,1.2445520581113871,0.6,41.774891774891486,25.535257077070774,0,AUDUSD
0.4118616144974987,1.1986681465038855,0.6,40.486725663715134,27.054290543632703,0,AUDUSD
0.28073160357285504,1.1957338140303284,0.4,32.27722772277042,29.261435129862186,0,AUDUSD
0.46728971962603616,1.2046332046332033,0.6,30.909090909090622,30.331986200413365,0,AUDUSD
0.4668125455869499,1.1792597124502784,0.4,31.677018633539447,31.700460831170634,1,AUDUSD
0.15616866215504988,1.1783863804588997,0.6,38.20224719101065,32.576723439457716,0,AUDUSD
0.258249641319811,1.0295758928571321,0.6,47.08171206225708,33.50045931741313,0,AUDUSD
0.37138175860178174,1.04284336685494,0.6,39.772727272727465,33.972098164617755,0,AUDUSD
0.49475262368812317,1.0136949516648852,0.4,40.30710172744667,35.92612153605146,0,AUDUSD
0.6171490988530669,0.9608445810503841,0.4,40.93567251461996,36.45042954797857,0,AUDUSD
0.8507765023631982,0.9685230024213063,0.4,40.471512770138425,36.74268721350738,0,AUDUSD
0.8182427900737056,0.9923167079046608,0.4,42.72211720226904,36.30374669963566,0,AUDUSD
0.890782339271775,0.9377990430621876,0.4,50.55928411633103,35.04293854227655,0,AUDUSD
0.6154714850365799,0.9674502712477306,0.4,40.12096774193582,33.17640674140992,0,AUDUSD
0.6076093128902531,0.984304336259644,0.6,41.81818181818243,31.497553131947765,0,AUDUSD
0.5216913783633738,1.019424163107866,0.4,36.75889328063338,29.480590648181636,1,AUDUSD
0.4593420235876094,0.9658143413007306,0.2,41.33333333333405,25.817690501177335,0,AUDUSD
0.4580606781675537,0.9943843309135839,0.2,37.13080168776424,22.387218534119974,0,AUDUSD
0.5267234701779445,1.0757663389242524,0.4,43.8669438669442,18.833535224096277,0,AUDUSD
0.4628949301983068,1.0426678316586722,0.4,38.215102974828916,15.999885552039112,0,AUDUSD
0.644095788604497,0.9900264007040187,0.4,30.935251798561424,17.536947077157016,0,AUDUSD
0.6350550381033485,0.9439834024896172,0.6,37.142857142858055,18.49469645179325,0,AUDUSD
0.690281562216158,0.9436576354679704,0.8,44.094488188976996,17.330184388943938,1,AUDUSD
0.9001233045623043,0.9168443496801697,0.8,46.560846560846066,16.57908742999366,1,AUDUSD
1.300919842312355,0.9229618548990242,0.6,40.72022160664738,16.966493147568208,1,AUDUSD
1.1235955056175273,0.8893709327548812,0.8,37.426900584794026,19.96517437188312,1,AUDUSD
1.1074918566771341,0.9369513168395801,0.8,45.058139534885235,21.037672436778667,1,AUDUSD
0.9276248725785486,0.8764665286404484,0.6,56.85618729096855,19.94987507046996,0,AUDUSD
0.8529741863074455,0.8755201109570077,0.6,63.19702602230792,19.116376274123557,0,AUDUSD
0.7568113017154323,0.8915537017726879,0.4,59.64912280701911,18.755085991818316,0,AUDUSD
1.1360799001250654,0.921832884097043,0.4,68.48249027237259,17.845864730294288,1,AUDUSD
2.2464898595944702,0.9019812304483952,0.4,64.4736842105265,17.6950986178102,1,AUDUSD
0.7629979743414859,1.0099750623441441,0.6,60.616438356163066,17.19473599960643,0,AUDUSD
1.2040990606314403,1.0282867817114398,0.6,58.63309352517814,15.747681181765843,1,AUDUSD
1.1494252873559077,1.0140544387119788,0.4,53.69649805447506,15.235869014471604,1,AUDUSD
0.8588957055212524,1.0447220713380394,0.4,53.33333333333333,14.997267115554715,1,AUDUSD
1.2103407755579552,1.0371057513914805,0.2,50.93632958801485,13.53503146600838,1,AUDUSD
2.1756487025944162,1.0423697037870365,0.4,50.190114068442305,10.144275163487858,1,AUDUSD
2.398921832883055,0.8190476190476124,0.8,52.84552845528499,71.18112962805834,1,AUDUSD
2.429906542054996,0.8451380552220932,0.6,46.491228070176895,66.30045018417295,1,AUDUSD
2.8286852589644074,0.7975155279503323,0.4,53.5353535353541,60.833052306907504,1,AUDUSD
2.6053639846735783,0.8040593286494895,0.6,56.38297872340438,54.12597416353935,1,AUDUSD
3.6363636363619483,0.8712121212121143,0.6,66.66666666666666,48.87956938153014,1,AUDUSD
1.1086474501105914,0.9062049062048967,0.4,61.53846153846318,43.90064302837926,1,AUDUSD
1.0828025477702998,0.932881773398994,0.6,62.2641509433986,40.418082228744595,1,AUDUSD
1.3894324853228452,0.962665843875327,0.4,52.688172043010496,36.094217547736875,1,AUDUSD
1.4251781472685967,0.9642050951305774,0.4,57.14285714285539,32.77999929845298,0,AUDUSD
1.9935691318324409,0.9228243021346283,0.6,53.57142857143187,30.197490064566875,1,AUDUSD
2.218649517684554,0.9204882876938093,0.8,56.66666666666173,27.209965940992777,1,AUDUSD
1.4225053078558416,0.9245585874799245,0.6,45.945945945943784,25.042612513134454,1,AUDUSD
0.6479859894923271,0.9491415613864546,0.6,33.62831858406949,24.27874223706824,1,AUDUSD
0.8872458410352113,0.9221998658618431,0.4,32.432432432429735,25.01220925829739,1,AUDUSD
0.8319467554078385,0.9557823129251718,0.4,36.842105263158416,27.00372423682435,1,AUDUSD
0.7436182019974983,1.073722851024798,0.4,41.436464088397315,32.99911135534804,0,AUDUSD
0.8678102926333131,1.0663983903420713,0.4,33.33333333333526,36.20874835106356,1,AUDUSD
0.9892262487752136,1.0769656699889278,0.4,34.782608695653494,37.3207499539491,1,AUDUSD
0.7166337935567846,1.1402753872633398,0.6,51.80327868852549,45.66159841814233,0,AUDUSD
0.8086785009861218,1.1925647451963142,0.6,50.97402597402516,44.08885923072439,0,AUDUSD
0.8380338436742224,1.1832611832611812,0.8,51.13268608414262,43.78666938927062,0,AUDUSD
1.1019567456229404,1.1612244897959108,0.8,55.93220338982961,42.4961531827883,0,AUDUSD
0.7941929974379778,1.16657104608912,0.8,65.36144578313187,42.09858327302312,0,AUDUSD
1.1566771819137565,1.212468923312306,0.6,61.89111747850889,40.57369240835137,0,AUDUSD
0.8814887365329005,1.2070874861572596,0.8,62.21590909090765,39.34053043789555,0,AUDUSD
0.9020368574200966,1.0929648241206174,0.6,65.03267973856231,37.99382855853183,0,AUDUSD
0.4996379435193498,0.8783068783068931,0.8,68.84057971014578,49.719082412671526,0,AUDUSD
0.47447879223599393,0.8854633446854435,0.8,68.38235294117686,52.88586636763191,0,AUDUSD
0.3698896820247351,0.9254740003754739,0.8,68.38235294117686,58.8926076152762,0,AUDUSD
0.8372978116079884,1.0057142857142918,0.6,66.23376623376699,64.27918869246511,1,AUDUSD
0.843840931134877,1.0135781220118483,0.6,66.77316293929783,64.06076476583405,1,AUDUSD
0.9790209790209592,1.079711557201301,0.4,61.11111111111129,62.6980002838794,1,AUDUSD
1.0357470210817175,1.11792905081495,0.4,61.671469740634144,58.06042355017462,1,AUDUSD
0.5851413543721745,1.144314868804649,0.4,50.87281795511243,52.7731798470731,1,AUDUSD
0.5813193990854456,1.1134980307912292,0.4,42.239185750635684,46.84512218598134,1,AUDUSD
0.6572769953050064,1.1063372717507791,0.4,40.57591623036508,41.38856976142108,1,AUDUSD
0.6359781950332949,0.935782967032968,0.8,69.18429003021117,27.8431770726961,0,AUDUSD
0.5718866916087619,0.9660019614253095,0.6,60.10498687664111,25.04132933063183,0,AUDUSD
0.3948992184286527,0.9995232798347554,0.8,68.86792452830232,22.73656537088877,0,AUDUSD
0.1846046673633348,1.1052715400541835,0.6,59.22920892495009,18.573759760376436,0,AUDUSD
0.22825659189301023,1.1548428895367906,0.4,57.14285714285777,16.13672396431881,0,AUDUSD
0.562534134352921,1.1416094822208476,0.4,53.06553911205087,14.897313220264218,0,AUDUSD
0.7081403044343535,1.1734693877551161,0.4,56.48702594810298,13.859869594347177,0,AUDUSD
1.149881046788656,1.1599639855942487,0.4,62.44635193132982,14.038337455218228,0,AUDUSD
1.8599311136631818,1.1729945339045706,0.6,64.57489878542489,15.122194285768543,0,AUDUSD
1.6245883644352292,1.1213991769547385,0.6,57.483731019522246,16.19472059722504,0,AUDUSD
0.9074243813017655,1.1104625711367464,0.8,60.46511627906999,16.910205895655327,0,AUDUSD
1.0880316518298998,1.0833453705041445,0.8,60.71428571428572,18.87527875033974,0,AUDUSD
0.720906282183249,1.0259740259740482,0.6,57.62331838565016,19.829722834554634,1,AUDUSD
0.9028727770174909,0.9876359302845334,0.6,52.63157894736886,18.317670645257653,1,AUDUSD
0.9454061251659661,0.9066784608580373,0.8,66.86217008797564,18.542706412531622,1,AUDUSD
1.4238952536821097,0.8681084374048182,0.8,60.48951048950902,18.014552610688053,1,AUDUSD
1.7516629711745868,0.8320587335576506,0.6,54.166666666666494,15.827146993049391,1,AUDUSD
1.1741682974555603,0.7984862819299937,0.2,62.56684491978505,26.472338752072584,0,AUDUSD
1.3375796178342048,0.7740628166160053,0.4,62.16216216216298,26.52946045302863,0,AUDUSD
1.415313225057867,0.7524374735057261,0.2,54.4871794871804,25.165876479128748,0,AUDUSD
1.1185086551267047,0.9601449275362284,0.2,38.31168831168733,18.972518791996627,1,AUDUSD
4.890016920474962,1.0832232496697398,0.2,31.818181818182396,22.315633335111436,0,AUDUSD
5.176651305685162,1.101990918616839,0.4,38.98305084745721,24.572488629350094,0,AUDUSD
3.162236480293384,1.1891370721517158,0.6,46.186440677964505,29.566360991156152,0,AUDUSD
1.8021750388400573,1.2139855942377071,0.6,62.91793313069804,30.743605681512257,0,AUDUSD
1.0155830198817108,1.260245901639347,0.8,63.690476190476545,31.55752220056552,0,AUDUSD
0.6780512305372718,1.2554112554112433,0.8,68.58789625360205,32.097204740247655,0,AUDUSD
0.3971441320838141,1.2210850974344396,0.8,58.19672131147579,31.8124552766123,0,AUDUSD
0.46976511744119387,1.2141491395793105,0.8,59.84251968503834,31.005831686737412,0,AUDUSD
1.0449129239227966,1.180240320427196,0.6,64.04494382022514,31.143641455972187,0,AUDUSD
0.7771135781382169,1.1959825558345023,0.6,66.48199445983462,31.614020562388365,0,AUDUSD
0.24174802417483937,0.897311305474584,0.6,36.63911845729877,58.844038900590085,0,AUDUSD
0.19360648356597995,0.9404335210786884,0.4,31.770833333332618,60.27858624540023,0,AUDUSD
0.592153960029772,1.009615384615387,0.6,32.114882506524125,64.4989249348456,0,AUDUSD
0.7281964436920447,1.0952380952380911,0.4,30.123456790121267,66.51702207241449,0,AUDUSD
0.6737320211963106,1.0912943669433068,0.4,41.82692307692192,64.97464231921882,0,AUDUSD
1.1215834118758872,1.099439775910351,0.6,44.554455445544065,62.67219923927229,0,AUDUSD
0.8975444538529285,1.0985043837029382,0.6,45.56962025316456,58.54320586977335,0,AUDUSD
0.8301306687163694,1.1138861138861038,0.4,42.75534441805157,54.60505706205991,0,AUDUSD
1.066330814441525,1.1065235342691977,0.6,46.06205250596557,50.6148887141872,0,AUDUSD
1.2387612387611457,1.0859073359073395,0.4,39.018691588784755,48.3360618095648,0,AUDUSD
0.8175061932285617,0.9995124329595308,0.2,44.297082228115734,43.50314768811423,0,AUDUSD
0.707338638372898,0.9670580560991479,0.4,49.858356940508976,38.10816918389306,1,AUDUSD
0.9184845005739122,0.9623361539737846,0.6,44.51410658307256,32.86551586466501,1,AUDUSD
0.8399545970485419,0.9277504105090233,0.6,39.38356164383612,30.66962230967573,0,AUDUSD
1.2948517940710165,0.9241745478679165,0.8,45.89552238805959,27.616112914636997,0,AUDUSD
1.4746543778796128,0.9032891507118199,1.0,52.264808362368754,23.531965814937074,0,AUDUSD
1.786339754815192,0.9565372283576673,0.8,49.25925925926059,20.068601670693035,0,AUDUSD
1.6635859519401668,0.9697873927638798,0.6,53.200000000000905,16.225733769409402,0,AUDUSD
1.7409766454345625,0.9094404922130193,0.4,39.32038834951555,14.280550408252456,0,AUDUSD
1.7516629711745868,0.9072821329088664,0.4,39.32038834951555,12.888008555524468,0,AUDUSD
1.3776722090260025,0.8635996771589769,0.2,38.38862559241821,14.227886278765409,0,AUDUSD
1.4111922141122903,0.839839628613628,0.2,45.000000000001535,14.063199901313311,0,AUDUSD
0.9178743961354472,0.8379530916844342,0.4,47.34042553191533,13.450247562506906,0,AUDUSD
1.0482529118143546,0.8027621924902981,0.6,58.9743589743566,12.354666884192048,0,AUDUSD
1.3137893593922467,0.9833887043189464,0.6,43.850267379677206,14.656645478071539,0,AUDUSD
0.9235936188076973,1.0055370985603618,0.4,35.238095238093635,15.699311969426589,0,AUDUSD
0.7914500288849082,1.048567364356832,0.4,34.523809523809945,22.541493652062023,1,AUDUSD
0.6530380465643449,1.0775162337662543,0.4,36.718750000000334,25.47275516239908,1,AUDUSD
0.7303010890453059,1.1172650878533406,0.6,47.619047619049056,26.30747649487859,0,AUDUSD
0.6764168190126602,1.1402186204297171,0.8,52.905198776758766,25.865440491366943,0,AUDUSD
0.42021578648484503,1.1516596368971408,0.8,50.43731778425619,24.402855457353986,0,AUDUSD
0.45313469894465985,1.1984536082474302,0.8,53.67847411444125,23.46536690130616,0,AUDUSD
0.31824294038541306,1.2021113570577318,0.6,42.40963855421702,24.37377205642481,0,AUDUSD
0.3865267807839743,1.1913116123642304,0.4,41.48681055155936,25.569665982858023,1,AUDUSD
0.39642657733101616,1.194539249146742,0.4,46.34146341463384,24.81638221320993,1,AUDUSD
0.5201916495548901,1.172829451050649,0.6,45.37246049661552,24.050209530392753,1,AUDUSD
0.48869438366132806,1.1396103896103709,0.4,43.13725490196121,23.78647472355404,1,AUDUSD
0.5736894164191542,1.0360718258382147,0.4,46.47887323943731,23.25239847116793,1,AUDUSD
0.3413821815153353,1.0272336359292695,0.6,52.8708133971292,21.64698958232734,1,AUDUSD
0.3386960203216099,0.9534229446701952,0.6,60.18957345971582,19.863900661464765,1,AUDUSD
0.2990517870167956,0.8983957219251317,0.4,52.3227383863082,17.919603735755203,1,AUDUSD
0.28766086298251897,0.9021739130434725,0.6,53.237410071942186,16.071790819239858,1,AUDUSD
0.3700277520813377,0.8469159475870836,0.6,46.19422572178482,14.639058503012347,1,AUDUSD
0.4281891168599324,0.8970886932972328,0.4,36.927223719676945,16.296230481244145,1,AUDUSD
0.6736353077816133,0.8685162846803379,0.4,42.89940828402347,17.913685974078835,1,AUDUSD
1.0599078341012698,0.8869501999272954,0.6,39.498432601880396,18.43832080062695,1,AUDUSD
1.423290203327301,0.8058608058608097,0.6,50.793650793651565,17.265884834492574,1,AUDUSD
1.2324492979720758,0.8081194944465842,0.8,55.26315789473772,16.58978436761257,1,AUDUSD
0.9836065573771157,0.8345120226308408,1.0,53.87596899224759,16.327070586448038,1,AUDUSD
0.6081668114682298,1.0429027841168106,0.4,40.808823529412216,31.614716045169864,0,AUDUSD
0.5601816805450187,1.0026212319789969,0.6,40.148698884756875,28.67094312652346,0,AUDUSD
0.5424696645254229,0.9924812030074965,0.6,35.080645161289965,26.50449702754148,0,AUDUSD
0.5139186295503756,1.021961295933905,0.6,34.939759036143286,24.478984355128894,0,AUDUSD
0.7231208372979042,1.0493827160493647,0.8,39.442231075696185,23.043889769350436,0,AUDUSD
1.470985155196323,1.047477113050884,0.8,42.55319148935969,23.365606163975446,0,AUDUSD
1.4486638537276724,1.0793650793650815,0.6,38.91050583657554,24.640365577224866,0,AUDUSD
1.0589651022866706,1.1007025761123999,0.6,47.843137254900746,26.688870270768323,0,AUDUSD
1.3911620294599316,1.057713407943791,0.6,44.11764705882189,28.891095383391843,0,AUDUSD
1.8644067796613872,1.072541165999065,0.4,44.491525423729655,30.79001446022531,0,AUDUSD
1.1649016641451504,1.062215477996932,0.4,49.37238493723895,32.197726671416255,0,AUDUSD
1.2948517940712407,0.9818794774547174,0.4,46.052631578948585,61.871722731045665,0,AUDUSD
1.4309484193008262,0.9651360544218007,0.4,54.41860465116291,57.07580436369914,0,AUDUSD
1.6700610997962277,0.934227063259359,0.6,60.869565217389436,52.03355106906805,0,AUDUSD
1.3678373382626516,0.9501763668430626,0.6,62.376237623760204,47.77037467388998,0,AUDUSD
0.733249051833334,0.8914813999559852,0.6,48.514851485149876,42.834686396592964,0,AUDUSD
0.6129398410897854,0.8973214285714328,0.4,40.26548672566446,39.120831127438066,0,AUDUSD
0.5539070227498919,0.8859357696567093,0.2,30.13100436681404,37.361854932371166,1,AUDUSD
0.7464324917674534,0.8995535714285747,0.2,33.17307692307767,35.602878737304266,1,AUDUSD
0.8610792192884074,0.8852162100973416,0.4,38.341968911918975,33.19623421903109,1,AUDUSD
1.1154345006487065,0.9279999999999954,0.6,41.089108910890516,30.14758557038191,1,AUDUSD
0.37489586226051014,1.176561533704408,0.6,54.6719681908557,26.509015437200684,0,AUDUSD
0.2800294767870363,1.1894736842105502,0.4,50.0,25.6436653403123,0,AUDUSD
0.30358365669939236,1.1928715148031277,0.4,52.09059233449491,26.296726564801812,0,AUDUSD
0.6160402944595408,1.1972789115646398,0.2,48.397976391230856,27.233773797487707,0,AUDUSD
0.38812114084096294,1.2222752206057854,0.2,37.41588156123898,26.823123129086746,0,AUDUSD
0.2544793560114193,1.25534308211474,0.4,45.083932853717506,25.484968024449866,0,AUDUSD
0.25470126160439144,1.2590618336886925,0.6,51.57657657657625,24.516340718267468,0,AUDUSD
0.2896693155601475,1.236503322259126,0.4,52.283105022831435,24.325715017437656,0,AUDUSD
0.27693159789532845,1.2400502723083258,0.6,53.81903642773231,23.211406517160395,0,AUDUSD
0.4415897230028074,1.2402551381998526,0.6,51.00222717149196,21.413931308171506,0,AUDUSD
0.6643952299829098,1.2440143655227343,0.6,52.01744820065418,20.08331514897747,0,AUDUSD
0.9504467912265088,1.2377016922471429,0.6,52.688172043010425,19.607014672677234,0,AUDUSD
0.9575353871770828,1.0505911998449278,0.8,40.136054421768385,18.173193900273677,0,AUDUSD
0.7053637031593168,0.9775987423855369,0.6,43.833580980683536,16.669745687143905,0,AUDUSD
0.8444902162716772,0.906190808493663,0.8,48.40255591054335,15.665691117956422,0,AUDUSD
0.973451327433465,0.8817354793561824,0.6,51.88356164383554,14.916343247677945,0,AUDUSD
1.4113597246127498,0.8261738261738174,0.6,48.62888482632457,14.619700000215094,0,AUDUSD
0.631505898681498,1.2634105025409217,0.6,42.9429429429416,27.281160661612432,0,AUDUSD
16.760563380329465,1.2548638132295737,0.8,42.814371257484275,26.55346269229434,0,AUDUSD
9.601990049756985,1.1889973380656627,0.8,36.75496688741878,24.88897041136399,0,AUDUSD
6.245847176079658,1.1352718078381738,0.8,31.08108108108138,22.91392507408011,0,AUDUSD
5.20900321543454,1.051639653222767,0.8,31.72413793103422,19.49138240431762,0,AUDUSD
6.292834890966055,0.6917153478491327,0.4,46.969696969702326,25.57015739477495,0,AUDUSD
5.740181268883229,0.6780776826859449,0.6,48.52941176470421,32.093691663973985,0,AUDUSD
7.777777777779863,0.7312440645773756,0.6,53.623188405796874,38.314197884480315,0,AUDUSD
10.049751243781753,0.7282051282050997,0.6,49.31506849315381,45.417808559519735,0,AUDUSD
5.900621118014046,0.8695652173912906,0.6,49.31506849315381,52.142954758349944,0,AUDUSD
9.279279279282783,0.9358337929766516,0.6,50.0,58.12858923560446,0,AUDUSD
17.024793388426247,0.9697873927639088,0.6,39.99999999999999,63.9994307228842,0,AUDUSD
10.662983425416158,0.9960681520314769,0.6,58.928571428572134,69.87903184700114,0,AUDUSD
7.649402390442599,0.9729225023342952,0.6,48.52941176471212,76.16909102483278,0,AUDUSD
7.450199203191516,1.0514285714286107,0.6,50.746268656713205,82.46545174549215,0,AUDUSD
6.9731800766334375,0.990476190476206,0.8,51.47058823528787,87.43218278113238,0,AUDUSD
3.6015325670545044,0.9999999999999984,0.8,39.99999999999192,92.9248594720406,0,AUDUSD
2.0309810671262634,0.918790752815626,0.8,47.872340425529146,99.01796867275436,0,AUDUSD
2.271944922547891,0.9715050678905767,0.8,51.11111111110645,98.95082156074413,0,AUDUSD
2.271944922547891,0.9300993124522142,0.8,50.0,98.78142573917391,0,AUDUSD
2.1541155866903132,0.9286675639299792,0.6,46.51162790697824,98.62443986790188,0,AUDUSD
2.65984654731486,0.9709671217073549,0.6,54.945054945058835,98.26342903757633,0,AUDUSD
4.834123222749409,0.9208494208493924,0.6,50.0,97.85692497253497,0,AUDUSD
4.789272030652153,1.1690261690261803,0.6,52.380952380952884,97.53224964785905,0,AUDUSD
4.119601328903431,0.9046193327630374,0.4,48.62385321100982,96.99749028956933,0,AUDUSD
5.2823920265782185,0.9288736651218821,0.6,44.554455445545315,96.8821948877411,0,AUDUSD
4.531722054380967,0.9653617544578638,0.6,56.435643564356326,96.76978042048803,0,AUDUSD
4.457478005866037,0.9151785714285284,0.6,50.45045045044847,96.56885215330735,0,AUDUSD
3.6977491961420057,0.984308131241066,0.6,50.450450450453424,96.39907561739722,0,AUDUSD
4.306049822066728,0.9185124974598532,0.6,49.12280701754779,96.16161284673026,0,AUDUSD
4.199288256230458,1.006952231442012,0.6,34.831460674154926,95.96811803270498,0,AUDUSD
6.431535269715663,1.0182599355531812,0.6,55.71428571428503,95.59822949151473,0,AUDUSD
9.402985074633932,0.9646962233169293,0.6,50.0,95.05426190448068,0,AUDUSD
9.779005524871033,1.0192147034252677,0.4,49.350649350652155,94.52212711380635,0,AUDUSD
10.74534161491103,0.9628237259816543,0.4,50.66666666666371,93.88143350719622,0,AUDUSD
8.571428571432172,0.979348520332151,0.4,43.939393939386804,93.77515461789623,0,AUDUSD
7.403314917128834,1.0012755102041095,0.4,53.623188405796874,93.66609999202521,1,AUDUSD
3.13868613138673,1.0145278450363033,0.8,32.73542600896975,40.665671789155866,1,AUDUSD
2.7680798004971088,1.037443357977592,0.6,32.32323232323708,29.021367300718488,1,AUDUSD
3.2398753894062002,0.9261083743842479,0.8,58.62068965517417,16.650199940170324,1,AUDUSD
2.8782287822859147,0.9810671256454588,0.8,60.4395604395583,23.3687289359263,1,AUDUSD
2.0997375328076173,1.0118001506402272,0.8,49.54954954955171,29.098057068213016,1,AUDUSD
2.6840855106869617,0.9390919158360991,0.6,46.15384615384286,34.72843370847968,1,AUDUSD
3.6752136752108426,0.9902091677792587,0.6,52.04081632653223,39.159079735550954,0,AUDUSD
3.504043126683077,0.8917480035492258,0.4,48.999999999999226,44.63649446834533,1,AUDUSD
3.06733167082176,0.9859154929577207,0.4,45.16129032257987,50.25701983204856,1,AUDUSD
5.186721991700287,0.9174769384193223,0.4,49.41176470588511,55.709877269638234,1,AUDUSD
1.2351543942992746,0.9055020972119188,0.6,58.65384615384379,61.79686176050329,1,AUDUSD
0.350484712900879,0.9598918431725944,0.6,51.322751322751294,74.0928883116678,0,AUDUSD
1.096563011456926,0.9107142857142647,0.6,39.29961089494142,50.336071006100156,0,AUDUSD
1.4500941619588799,0.9152407481098235,0.4,32.64462809917369,46.48933907491796,0,AUDUSD
0.6658739595719821,0.8239478363959776,0.4,32.067510548524396,43.4278627257682,0,AUDUSD
0.5320304017372774,0.8580274214949025,0.4,48.095238095238926,40.16436352382431,0,AUDUSD
0.6524633821571828,0.8747739602170013,0.6,48.095238095238926,36.5297284499609,0,AUDUSD
0.7350901525660943,0.8893557422969214,0.8,47.84688995215232,33.43787497811831,0,AUDUSD
1.1764705882359365,0.8837970540098217,1.0,53.571428571426345,30.28170527330162,0,AUDUSD
2.019950124689281,0.8913097301312168,1.0,49.16201117318515,27.73533935851421,0,AUDUSD
3.726937269374569,0.8925454998753127,1.0,63.05732484076442,25.395753340344037,0,AUDUSD
4.412811387903394,0.9599797365754689,0.8,56.49350649350944,22.385498390905518,0,AUDUSD
3.55140186916069,0.979446840903308,0.8,58.12500000000152,19.124361210971404,0,AUDUSD
1.5868673050618505,1.0282837967401517,0.8,69.69696969697105,20.112753639906135,0,AUDUSD
1.1385606874325591,1.0719592443218187,0.4,68.59903381642515,30.587399027428095,0,AUDUSD
1.3008130081296707,1.0844629822732148,0.4,65.865384615383,33.062402604022694,0,AUDUSD
1.5457788347200807,1.1097308488613085,0.6,66.02870813397072,35.168572350342274,0,AUDUSD
1.0711071107108328,1.156373193166898,0.6,65.30612244897952,41.90511943301765,0,AUDUSD
1.101774042950345,1.1345646437994963,0.4,61.986301369863,44.47412627810213,0,AUDUSD
0.8312342569268967,1.0986126734158368,0.4,60.53511705685371,47.510795491242924,0,AUDUSD
0.5263157894737315,1.1003356956359673,0.4,61.31147540983432,50.52879579894157,0,AUDUSD
0.8059023836550578,1.0296846011131857,0.4,57.24637681159429,50.478784749989735,0,AUDUSD
0.8324084350721626,1.0127931769723102,0.6,57.090909090908184,50.19911732746612,0,AUDUSD
0.9534619750285771,0.985343457531366,0.8,60.51660516605009,49.465099963615025,0,AUDUSD
0.8232711306258479,0.98928571428572,0.8,57.54385964912319,48.273321893225024,0,AUDUSD
1.0110974106042734,0.9597352454495339,0.6,53.00751879699119,43.685273126072865,0,AUDUSD
0.7543323139654317,0.9134960516870139,0.4,53.61216730038065,41.01247713193139,0,AUDUSD
0.9423347398031932,0.9656611648643498,0.4,52.52918287937676,38.50837204161989,0,AUDUSD
0.9015256588071995,0.9659863945578135,0.2,52.12355212355329,36.682327892151406,0,AUDUSD
0.6357214934409586,0.9613175028724597,0.4,58.80398671096441,35.676623145727476,0,AUDUSD
0.5894105894105683,0.8691444057297748,0.4,46.93877551020436,32.64629145790918,0,AUDUSD
0.44895003620551877,0.894491129785237,0.6,65.7439446366773,31.31366166444187,0,AUDUSD
0.3724394785846889,0.9542705971277269,0.4,61.88925081433232,30.310500081941647,1,AUDUSD
0.4301075268817222,0.9467566554180524,0.4,64.18918918919043,30.194445923334456,1,AUDUSD
0.686498855835232,0.9715771874419372,0.4,64.78405315614734,30.302211582011587,1,AUDUSD
0.40683073832243,1.0127931769722707,0.4,50.0,28.843459066921188,0,AUDUSD
0.5351386202450937,1.0227904391328344,0.2,41.456582633052875,26.385916609378565,0,AUDUSD
0.4847396768402166,1.072351421188634,0.4,46.13402061855701,23.59903136347712,0,AUDUSD
0.465249856404362,1.071428571428579,0.4,46.85863874345522,20.726852253674366,0,AUDUSD
0.47277079593056937,1.0862161677720075,0.4,49.234693877551656,20.57197998153821,0,AUDUSD
0.585480093676861,1.0639051159497181,0.6,58.61182519280151,20.98592991669215,0,AUDUSD
0.8222811671086865,1.0827803003842018,0.8,59.750000000000036,22.176406107168408,0,AUDUSD
0.5995558845300107,1.1428571428571417,0.8,66.15044247787517,24.452139071977264,1,AUDUSD
0.6075139888088983,1.1014442317730901,1.0,62.59168704156437,25.56888591228944,1,AUDUSD
0.6115417743325314,1.1072301781348224,0.8,63.20987654321007,27.894209666184135,1,AUDUSD
1.1350737797958241,1.011332417582437,0.6,53.869047619048274,26.922312710680387,1,AUDUSD
0.6660823838739247,1.0064935064935154,0.4,51.274787535411285,24.981488188100197,1,AUDUSD
